,parent,siblings,descendents,parent_descendents,mutations_in_clone,cell_fractions,age first detected,max cell fraction,variant color
stem cells,,[],"['DNMT3A_p.Q606X', 'GNAS_p.R844C', 'SF3B1_p.K700E', 'TET2_p.P869Qfs*4', 'TET2_p.Q108Ffs*6']",0,0,"[82.78, 78.47, 56.15, 49.42, 39.43, 23.61, 16.62]",0.0,82.78,#cccccc
DNMT3A_p.Q606X,stem cells,['GNAS_p.R844C'],"['SF3B1_p.K700E', 'TET2_p.P869Qfs*4', 'TET2_p.Q108Ffs*6']",2,1,"[0, 3.169999999999998, 0, 0, 0, 0, 1.5900000000000034]",73.73,3.169999999999998,#9ecae1
GNAS_p.R844C,stem cells,['DNMT3A_p.Q606X'],[],2,1,"[1.73, 1.97, 1.97, 2.12, 1.53, 0.79, 0.91]",73.73,2.12,#2171b5
SF3B1_p.K700E,DNMT3A_p.Q606X,[],"['TET2_p.P869Qfs*4', 'TET2_p.Q108Ffs*6']",1,2,"[1.2599999999999998, 0, 3.990000000000002, 2.5, 2.520000000000003, 3.4099999999999966, 0.539999999999992]",73.73,3.990000000000002,#41ab5d
TET2_p.P869Qfs*4,SF3B1_p.K700E,[],['TET2_p.Q108Ffs*6'],1,3,"[9.239999999999998, 8.819999999999999, 14.059999999999999, 10.860000000000007, 10.560000000000002, 13.300000000000004, 5.52000000000001]",73.73,14.059999999999999,#fd8d3c
TET2_p.Q108Ffs*6,TET2_p.P869Qfs*4,[],[],1,4,"[5.54, 9.88, 24.84, 35.16, 48.66, 59.04, 74.82]",73.73,74.82,#da2b2b
