,parent,siblings,descendents,parent_descendents,mutations_in_clone,cell_fractions,age first detected,max cell fraction,variant color
stem cells,,[],"['BCORL1_p.R1536H', 'TET2_p.Q108X', 'ASXL1_p.A709T', 'TET2_p.S1292R']",0,0,"[2.31, 0.95, 1.74, 4.54, 4.63, 0, 6.44, 3.87]",0.0,6.44,#cccccc
BCORL1_p.R1536H,stem cells,[],"['TET2_p.Q108X', 'ASXL1_p.A709T', 'TET2_p.S1292R']",1,1,"[96.83, 98.14999999999999, 97.01, 93.89, 93.71000000000001, 98.89999999999999, 88.53999999999999, 92.75999999999999]",72.26,98.89999999999999,#6ba3d6
TET2_p.Q108X,BCORL1_p.R1536H,['ASXL1_p.A709T'],['TET2_p.S1292R'],2,2,"[0.86, 0.9, 1.25, 1.19, 1.1099999999999999, 1.7199999999999998, 2.4000000000000004, 2.52]",72.26,2.52,#00441b
ASXL1_p.A709T,BCORL1_p.R1536H,['TET2_p.Q108X'],[],2,2,"[0, 0, 0, 0, 0, 0, 1.59, 0]",79.41,1.59,#238b45
TET2_p.S1292R,TET2_p.Q108X,[],[],1,3,"[0, 0, 0, 0.38, 0.55, 0.68, 1.03, 0.85]",75.34,1.03,#fd8d3c
