Sample_name,Clone,Fitness,Tau_time,Establishment_time,Seed results,S.D. fitness,S.D. establishment age,95% optimizer result range fitness,95% optimizer result range establishment age
C92_002,GNAS_p.R844C,7.9,5.96,7.01,"[(6.31, 7.78), (3.0, 7.35), (4.3, 7.54), (2.5, 7.28), (7.31, 7.89), (5.81, 7.71), (3.8, 7.46), (8.11, 8.04), (2.8, 7.33), (8.21, 8.04), (7.01, 7.88), (2.2, 7.24), (2.3, 7.25), (3.0, 7.37), (6.41, 7.79), (6.01, 7.74), (6.31, 7.8), (4.0, 7.47), (4.5, 7.51), (7.01, 7.9), (2.2, 7.24), (6.61, 7.8), (4.7, 7.56), (5.61, 7.69), (3.3, 7.39)]",0.26,1.95,7.24 - 8.04,2.2 - 8.15
C92_002,"DNMT3A_p.Q606X, SF3B1_p.K700E, TET2_p.P869Qfs*4",35.33,50.68,51.65,"[(51.05, 34.35), (47.65, 29.97), (51.75, 35.57), (46.05, 28.15), (50.95, 34.41), (51.15, 34.68), (51.05, 34.44), (50.05, 33.0), (52.35, 36.45), (50.45, 33.59), (51.35, 34.86), (48.55, 30.98), (49.75, 32.57), (50.15, 33.18), (51.45, 35.2), (48.85, 31.23), (51.55, 35.19), (48.45, 30.84), (50.45, 33.6), (51.65, 35.33), (50.65, 33.85), (46.05, 28.08), (50.15, 32.99), (51.15, 34.53), (50.65, 33.82)]",2.22,1.67,28.12 - 35.92,46.05 - 51.99
C92_002,"DNMT3A_p.Q606X, SF3B1_p.K700E, TET2_p.P869Qfs*4, TET2_p.Q108Ffs*6",71.64,61.76,62.66,"[(62.56, 71.4), (62.56, 71.56), (62.56, 71.42), (62.66, 71.96), (62.56, 71.3), (62.56, 71.66), (62.56, 71.4), (62.66, 71.53), (62.46, 71.22), (62.66, 71.52), (62.56, 71.35), (62.56, 71.5), (62.66, 71.71), (62.56, 71.71), (62.56, 71.52), (62.56, 71.51), (62.46, 71.39), (62.56, 71.73), (62.56, 71.34), (62.66, 71.64), (62.56, 71.42), (62.66, 72.05), (62.56, 71.51), (62.56, 71.33), (62.56, 71.68)]",0.2,0.06,71.27 - 72.0,62.46 - 62.66
C92_003,DNMT3A_p.R736H,35.65,34.74,35.64,"[(34.334334334334336, 35.363169637797206), (38.23823823823824, 37.59388299395967), (32.632632632632635, 31.051834286478424), (36.33633633633634, 34.49221703273007), (31.331331331331334, 35.23823422211154), (25.625625625625627, 25.731638072797086), (31.631631631631635, 31.88097256027802), (35.93593593593594, 38.90519075477768), (27.72772772772773, 27.678816744493584), (26.726726726726728, 27.374963037412986), (29.32932932932933, 28.70221454258404), (27.72772772772773, 29.976791944193078), (35.63563563563564, 35.651728036872285), (31.831831831831835, 35.27306301261832), (35.33533533533534, 34.9150351865462), (32.932932932932935, 34.00078383644396), (32.332332332332335, 31.98450436445015), (34.034034034034036, 34.113605234481234), (30.230230230230234, 31.05549486332372), (27.227227227227228, 28.465824621017745), (32.232232232232235, 31.60896965307172), (34.134134134134136, 34.616917921347124), (32.832832832832835, 33.56258349439232)]",3.43,3.39,26.64 - 38.18,26.23 - 37.19
C92_003,RAD21_p.Q435X,25.66,34.65,35.64,"[(26.026026026026027, 20.65165597031145), (38.13813813813814, 26.24412698154965), (42.84284284284285, 30.188196677330104), (39.23923923923924, 26.30154202019494), (33.533533533533536, 28.150667577933714), (31.331331331331334, 20.180518802186707), (39.03903903903904, 28.579693102831854), (37.83783783783784, 30.43071472524125), (37.03703703703704, 25.043927737445642), (32.432432432432435, 22.077528146219734), (39.73973973973974, 27.207975258958772), (34.334334334334336, 25.893892398029756), (35.63563563563564, 25.662230929060883), (28.62862862862863, 24.3189961196447), (43.74374374374375, 33.17122934466594), (36.63663663663664, 27.534435021087983), (35.73573573573574, 25.01119998324911), (45.94594594594595, 36.831994496182396), (39.73973973973974, 29.90854960552521), (28.12812812812813, 20.78181918302839), (39.23923923923924, 27.679261340070344), (34.73473473473474, 25.349786883138602), (37.63763763763764, 28.011345546890215)]",3.94,4.92,20.44 - 34.82,27.18 - 44.73
C92_003,"DNMT3A_p.R736H, DNMT3A_p.P777R",36.35,35.26,36.24,"[(39.03903903903904, 40.99743631541546), (39.63963963963964, 39.553938435183575), (36.33633633633634, 34.96656100564847), (37.23723723723724, 35.69729367894089), (35.33533533533534, 39.45482755492112), (37.23723723723724, 35.47952682200711), (37.53753753753754, 38.15006718400627), (36.43643643643644, 39.52420518653602), (31.631631631631635, 30.823661800909786), (34.93493493493494, 34.325145831008726), (38.13813813813814, 37.20944955658071), (34.73473473473474, 36.16045401895608), (36.23623623623624, 36.34910354578862), (32.832832832832835, 36.25112356931701), (37.53753753753754, 37.47656308759185), (34.63463463463464, 35.69228145836764), (34.034034034034036, 33.65510709058498), (38.13813813813814, 38.81462761642537), (37.23723723723724, 38.08709601791303), (36.03603603603604, 36.378994957763965), (33.333333333333336, 32.876055332262595), (37.73773773773774, 38.616857433526214), (38.83883883883884, 40.2437025659728)]",2.51,2.08,31.95 - 40.58,32.29 - 39.31
C92_003,RUNX1_p.G190E,25.24,36.45,37.44,"[(36.13613613613614, 25.297254600655084), (43.24324324324325, 29.809723010112997), (41.94194194194194, 27.74995334986887), (36.93693693693694, 22.943355808838987), (38.43843843843844, 31.00654281898757), (38.73873873873874, 24.15731690302566), (41.34134134134134, 29.104088951113567), (39.63963963963964, 30.428598380137366), (36.23623623623624, 23.175566060754644), (42.34234234234234, 29.554576431094816), (38.13813813813814, 24.163362580518196), (40.34034034034034, 29.767091607297974), (37.43743743743744, 25.23654108580225), (38.63863863863864, 30.317305306039493), (37.43743743743744, 24.62534687495646), (38.83883883883884, 27.62549971024878), (41.54154154154154, 28.914790273267588), (40.74074074074074, 28.587217640588925), (42.74274274274275, 31.372741407968945), (36.03603603603604, 24.37549831452756), (38.53853853853854, 25.468959637112242), (39.73973973973974, 27.88210637690536), (40.44044044044044, 29.001444822882927)]",2.7,2.17,23.07 - 31.17,36.09 - 42.97
C92_003,DNMT3A_p.W860R,30.19,41.38,42.34,"[(36.23623623623624, 25.540138013938606), (38.73873873873874, 22.30058610596042), (38.53853853853854, 23.066153308652588), (36.13613613613614, 20.123403231825733), (45.84584584584585, 40.820639467496314), (41.44144144144144, 25.063511848016013), (41.44144144144144, 29.306485659618435), (36.13613613613614, 26.166782359721207), (41.34134134134134, 27.0891797483706), (37.53753753753754, 23.176609591501894), (40.24024024024024, 24.856728038057188), (37.93793793793794, 27.406920977687655), (42.34234234234234, 30.192781345874458), (37.23723723723724, 28.70224919453392), (40.44044044044044, 27.55061651867443), (42.14214214214214, 31.318907292985905), (42.24224224224224, 29.186046026579156), (36.93693693693694, 25.610655952683764), (41.54154154154154, 30.14169022531938), (44.04404404404405, 32.28330611342436), (43.84384384384385, 30.4686605329249), (39.73973973973974, 26.52431958937884), (39.53953953953954, 28.109689102889924)]",4.2,2.73,21.32 - 36.13,36.14 - 44.85
C92_003,"DNMT3A_p.R736H, DNMT3A_p.P777R, chr7q_LOSS",50.74,49.08,50.05,"[(52.052052052052055, 58.25445967473627), (54.65465465465466, 63.32775065255961), (54.65465465465466, 61.42549826431556), (48.64864864864865, 44.76728666402002), (46.14614614614615, 48.280988254765845), (51.151151151151154, 50.647740388694075), (53.853853853853856, 62.14006480157677), (50.850850850850854, 58.38652386004169), (49.54954954954955, 47.37911952270928), (51.351351351351354, 52.325801220590975), (50.550550550550554, 49.599398724903416), (49.54954954954955, 51.41156570854357), (50.050050050050054, 50.735642821643154), (52.052052052052055, 62.37678216109175), (50.850850850850854, 52.40818117854934), (55.85585585585586, 71.90529402086602), (52.152152152152155, 55.31477613046809), (52.252252252252255, 57.79640494872162), (44.34434434434435, 40.59302729439826), (51.051051051051054, 53.54953007893408), (49.54954954954955, 48.35898005623961), (52.552552552552555, 58.997708711671535), (44.44444444444445, 40.81987125336452)]",7.62,2.93,40.72 - 67.19,44.4 - 55.2
C92_003,"DNMT3A_p.R736H, DNMT3A_p.P777R, chr7q_LOSS, X",264.95,68.98,70.67,"[(70.37037037037038, 255.0046969849888), (70.87087087087087, 278.02575050009295), (71.07107107107107, 279.13464556767525), (70.27027027027027, 254.41615488184257), (70.37037037037038, 260.71913727420366), (71.67167167167167, 329.4649217348702), (70.77077077077078, 271.9447486116465), (71.97197197197198, 362.70657651186093), (71.17117117117118, 283.5390304988495), (69.06906906906907, 202.05661447130075), (69.76976976976978, 224.58097806050802), (69.76976976976978, 227.05168485854693), (70.67067067067067, 264.95153738363297), (71.27127127127127, 301.42702194501067), (69.76976976976978, 230.63617150716044), (69.66966966966967, 217.56867754240102), (69.86986986986987, 226.46079403597784), (71.97197197197198, 366.5217612810208), (70.77077077077078, 269.174619089555), (69.96996996996998, 229.51827847142624), (70.37037037037038, 254.64059644683093), (71.97197197197198, 365.67836565430406), (70.57057057057058, 273.3406063244282)]",47.24,0.81,210.59 - 366.06,69.4 - 71.97
C92_005,TET2_p.Q538X,30.12,39.02,39.94,"[(39.84, 30.04), (40.04, 30.4), (39.94, 30.12), (39.54, 29.71), (40.14, 30.48), (41.54, 32.31), (39.84, 30.04), (40.04, 30.35), (40.24, 30.48), (40.24, 30.6), (39.94, 30.25), (40.44, 30.82), (39.14, 29.21), (39.84, 29.99), (40.04, 30.34), (39.74, 29.97), (39.84, 30.05), (39.74, 29.97), (40.34, 30.79), (39.94, 30.22), (40.34, 30.68), (39.74, 29.96), (39.64, 29.87), (40.04, 30.34), (39.54, 29.64)]",0.56,0.44,29.47 - 31.42,39.38 - 40.88
C92_005,"TET2_p.Q538X, GATA2_p.A302S, DNMT3A_p.R544S",474.2,67.37,67.87,"[(67.57, 359.36), (66.27, 217.48), (67.87, 474.2), (66.97, 294.27), (67.57, 399.63), (67.47, 372.2), (67.47, 395.64), (67.87, 461.7), (67.47, 336.55), (67.47, 385.44), (67.77, 462.58), (67.57, 379.65), (66.77, 265.98), (65.77, 183.96), (67.07, 303.93), (67.77, 429.45), (67.27, 304.1), (67.77, 455.45), (67.47, 384.37), (66.77, 234.56), (65.27, 155.6), (68.37, 625.17), (66.37, 227.92), (66.77, 262.86), (67.97, 498.26)]",111.22,0.72,172.62 - 549.02,65.57 - 68.13
C92_007,CHEK2_p.Q330X,10.03,13.36,14.41,"[(21.52, 11.65), (17.32, 10.68), (12.21, 9.66), (18.12, 10.87), (21.52, 11.71), (8.91, 9.06), (18.32, 11.0), (10.91, 9.4), (11.81, 9.58), (20.92, 11.51), (10.31, 9.29), (16.42, 10.53), (15.22, 10.17), (19.22, 11.1), (19.72, 11.24), (11.21, 9.5), (20.82, 11.52), (21.22, 11.56), (14.41, 10.03), (14.31, 10.04), (17.32, 10.68), (16.02, 10.38), (17.82, 10.77), (18.62, 10.91), (10.51, 9.37)]",0.83,3.99,9.2 - 11.67,9.75 - 21.52
C92_007,SRSF2_p.P95L,29.67,46.2,47.15,"[(49.75, 33.28), (49.75, 33.32), (48.65, 31.91), (49.95, 33.57), (48.05, 30.92), (48.75, 31.73), (49.65, 33.22), (49.95, 33.83), (49.75, 33.39), (48.25, 31.08), (48.15, 31.08), (50.85, 35.02), (46.65, 29.08), (47.95, 30.68), (49.15, 32.54), (48.25, 31.3), (49.25, 32.79), (45.05, 27.29), (47.15, 29.67), (51.05, 35.33), (45.85, 28.13), (47.05, 29.66), (46.95, 29.48), (48.55, 31.5), (50.85, 35.12)]",2.15,1.55,27.79 - 35.2,45.53 - 50.93
C92_007,"SRSF2_p.P95L, IDH2_p.R140Q",115.47,66.75,67.57,"[(67.57, 116.02), (67.77, 118.67), (68.67, 130.85), (67.67, 117.27), (67.67, 116.78), (67.47, 114.37), (67.77, 118.03), (67.67, 118.14), (67.77, 117.71), (67.57, 115.78), (67.57, 115.91), (67.67, 116.97), (67.47, 114.27), (67.57, 115.61), (67.77, 117.93), (67.57, 116.35), (67.77, 119.32), (67.57, 115.69), (67.57, 115.47), (67.77, 117.98), (67.67, 116.85), (67.67, 116.35), (67.57, 115.9), (67.77, 117.24), (67.57, 116.58)]",3.09,0.23,114.33 - 123.93,67.47 - 68.13
C92_007,"SRSF2_p.P95L, IDH1_p.R132H",73.83,67.21,68.07,"[(68.97, 83.93), (70.77, 101.16), (71.67, 125.86), (69.87, 94.98), (67.57, 66.78), (66.97, 66.64), (70.47, 98.83), (71.97, 130.61), (69.67, 92.82), (68.67, 81.54), (70.87, 108.55), (70.67, 105.84), (70.07, 97.74), (68.47, 80.66), (71.77, 123.75), (68.77, 82.5), (72.17, 132.52), (70.77, 107.43), (68.07, 73.83), (71.07, 105.16), (70.17, 100.55), (71.27, 116.93), (70.37, 102.62), (72.07, 129.86), (69.77, 93.86)]",19.26,1.44,66.72 - 131.37,67.33 - 72.11
C92_008,X,41.39,36.02,36.94,"[(30.93, 32.25), (36.94, 41.39), (28.03, 29.12), (23.22, 25.94), (30.43, 31.52), (23.82, 26.48), (26.03, 27.75), (32.93, 35.42), (29.03, 30.25), (24.42, 26.9)]",4.78,4.39,26.06 - 40.05,23.36 - 36.04
C92_008,TET2_p.G1361V,43.14,36.17,37.04,"[(33.23, 36.41), (37.04, 43.14), (32.23, 34.95), (31.93, 34.81), (33.13, 36.23), (32.13, 35.22), (32.03, 34.99), (35.14, 39.65), (32.73, 35.63), (32.33, 35.58)]",2.68,1.65,34.84 - 42.35,31.95 - 36.61
C92_009,SF3B1_p.K666T,13.18,3.52,4.5,"[(5.01, 13.3), (7.21, 13.8), (8.71, 14.13), (7.61, 13.85), (7.41, 13.8), (4.8, 13.21), (5.51, 13.38), (5.51, 13.38), (4.0, 13.04), (7.51, 13.87), (4.2, 13.07), (3.9, 13.04), (9.01, 14.23), (7.51, 13.86), (1.9, 12.63), (7.41, 13.82), (8.01, 13.95), (3.2, 12.83), (2.9, 12.8), (5.91, 13.46), (4.1, 13.09), (2.7, 12.77), (6.81, 13.71), (4.5, 13.18), (9.31, 14.31)]",0.49,2.13,12.71 - 14.26,2.38 - 9.13
C92_009,TP53_p.V216M,9.41,13.55,14.61,"[(16.72, 9.96), (12.31, 8.98), (10.11, 8.62), (18.82, 10.35), (18.12, 10.18), (10.41, 8.68), (10.61, 8.7), (11.51, 8.96), (18.32, 10.32), (16.32, 9.85), (22.32, 11.56), (13.21, 9.2), (9.11, 8.44), (21.82, 11.19), (11.61, 9.06), (21.82, 11.08), (13.21, 9.22), (14.81, 9.49), (16.72, 10.07), (17.12, 10.05), (18.42, 10.25), (13.51, 9.46), (11.21, 8.85), (14.61, 9.41), (17.72, 10.11)]",0.84,3.9,8.55 - 11.34,9.71 - 22.02
C92_009,"SF3B1_p.K666T, CBL_p.C396R",23.01,38.55,39.54,"[(36.74, 20.91), (34.73, 19.64), (38.44, 22.07), (41.64, 24.7), (40.34, 23.55), (41.94, 25.01), (39.34, 22.76), (37.64, 21.49), (41.94, 25.0), (39.34, 22.69), (38.94, 22.42), (36.94, 21.04), (42.94, 25.93), (39.54, 22.91), (42.24, 25.39), (39.84, 23.21), (37.84, 21.74), (37.44, 21.3), (40.24, 23.52), (35.74, 20.18), (39.84, 23.16), (40.14, 23.41), (43.34, 26.38), (39.54, 23.01), (37.94, 21.7)]",1.76,2.21,19.96 - 26.11,35.34 - 43.1
C92_009,"TP53_p.V216M, U2AF1_p.Q157R",263.77,70.91,71.67,"[(71.07, 212.04), (71.47, 247.21), (70.47, 189.09), (70.67, 196.04), (69.57, 153.17), (69.97, 162.34), (70.57, 190.11), (66.57, 89.94), (70.17, 169.22), (70.37, 182.47), (69.97, 152.31), (70.67, 197.09), (69.97, 166.71), (69.37, 144.62), (70.17, 161.98), (69.67, 154.84), (70.47, 173.16), (70.67, 197.64), (68.37, 117.68), (70.97, 201.59), (71.17, 216.34), (67.67, 100.07), (69.37, 145.29), (71.67, 263.77), (69.77, 158.06)]",40.22,1.15,96.02 - 253.83,67.23 - 71.55
C92_011,MPL_p.W515L,11.24,8.52,9.51,"[(5.81, 9.84), (8.81, 12.07), (5.91, 5.23), (12.81, 11.96), (9.11, 11.13), (9.21, 5.67), (7.41, 5.4), (8.41, 6.96), (18.22, 12.71), (11.71, 10.65), (8.71, 11.14), (10.51, 10.52), (9.51, 11.24), (8.61, 10.5), (8.01, 10.25), (10.01, 11.48), (4.7, 9.84), (7.21, 9.21), (8.11, 5.54), (1.0, 8.34), (1.6, 4.79), (7.31, 10.11), (8.61, 5.57), (7.31, 9.74)]",2.54,3.42,5.04 - 12.34,1.35 - 15.11
C92_011,X,26.46,19.64,20.62,"[(16.72, 23.53), (16.02, 25.13), (8.41, 6.52), (6.81, 20.08), (8.21, 20.6), (10.51, 8.18), (26.43, 6.54), (12.51, 17.25), (6.81, 19.42), (13.71, 21.72), (14.31, 23.22), (20.12, 25.02), (20.62, 26.46), (15.62, 23.19), (17.52, 23.95), (14.01, 23.19), (15.62, 23.24), (11.61, 20.29), (17.52, 11.21), (11.01, 20.17), (19.72, 5.13), (20.72, 25.76), (17.42, 6.82), (23.92, 27.26)]",7.24,5.21,5.93 - 26.8,6.81 - 24.99
C92_011,"X, TP53_p.H193R",62.93,52.13,53.15,"[(52.85, 59.45), (52.15, 61.85), (50.95, 38.0), (51.75, 57.03), (51.85, 57.08), (50.95, 38.12), (50.95, 37.97), (52.35, 46.32), (52.05, 55.65), (52.65, 57.26), (52.45, 59.65), (53.45, 60.57), (53.15, 62.93), (52.65, 59.04), (52.85, 59.6), (52.35, 59.82), (52.75, 59.37), (52.65, 55.42), (51.05, 38.25), (52.55, 55.53), (51.05, 38.07), (53.35, 61.54), (50.95, 37.99), (53.75, 62.15)]",9.54,0.87,37.98 - 62.48,50.95 - 53.58
C92_012,RUNX1_p.N69S,11.7,5.95,6.91,"[(1.3013013013013013, 10.621883063631458), (7.907907907907909, 12.59648441077878), (3.6036036036036037, 10.3133164758865), (9.60960960960961, 12.81334395933674), (3.2032032032032034, 10.871549537580188), (2.3023023023023024, 10.370700421605187), (7.307307307307307, 11.339274328670266), (5.605605605605606, 10.638173453118595), (6.906906906906907, 11.69655885323043), (3.6036036036036037, 10.68121248123654)]",0.9,2.73,10.33 - 12.76,1.53 - 9.23
C92_012,SRSF2_p.P95H,14.62,9.58,10.61,"[(12.612612612612613, 16.584349639653354), (11.911911911911913, 14.832672830072239), (5.9059059059059065, 13.886227614272586), (18.81881881881882, 13.92815630182786), (9.00900900900901, 14.438701127598192), (8.308308308308309, 15.18416175555377), (10.21021021021021, 14.78696756293964), (12.512512512512513, 15.997804163985668), (10.61061061061061, 14.622528070037518), (13.213213213213214, 16.92075519521096)]",1.05,3.48,13.9 - 16.85,6.45 - 17.56
C92_012,TET2_p.C1273Gfs*25,17.43,16.96,17.92,"[(21.521521521521525, 19.170466750477274), (19.41941941941942, 18.29396386116034), (10.31031031031031, 14.309988418378985), (17.017017017017018, 17.508650366883334), (13.013013013013014, 15.06100341479275), (9.00900900900901, 14.207219461810656), (14.314314314314315, 15.464102598015442), (16.316316316316318, 16.456581297992827), (17.91791791791792, 17.42847185726811), (9.00900900900901, 13.953125330394533)]",1.85,4.4,14.01 - 18.97,9.01 - 21.05
C92_012,"SRSF2_p.P95H, TET2_p.N1266S",43.78,40.72,41.64,"[(45.84584584584585, 55.15506018028113), (42.64264264264264, 46.63211550126542), (44.54454454454455, 50.080884452512194), (42.74274274274275, 47.345974328497825), (41.34134134134134, 42.09647002083217), (43.74374374374375, 48.26808252971292), (40.24024024024024, 40.371168978292076), (45.34534534534535, 53.294035384972524), (41.64164164164164, 43.78419693449046), (44.14414414414415, 49.08594472022062)]",4.67,1.82,40.76 - 54.74,40.49 - 45.73
C92_012,"SRSF2_p.P95H, TET2_p.Q917X, chr19q_CNLOH",120.61,53.93,54.75,"[(55.55555555555556, 133.4433659099364), (54.75475475475476, 125.05462442226572), (54.054054054054056, 110.95725999513866), (52.452452452452455, 100.63376692458465), (53.753753753753756, 107.24745827839226), (55.75575575575576, 133.82193568558566), (53.853853853853856, 109.01321427878091), (55.85585585585586, 136.622029474784), (54.75475475475476, 120.609340879807), (56.15615615615616, 137.34818853326595)]",13.72,1.17,102.12 - 137.18,52.75 - 56.09
C92_012,Z,174.77,57.86,58.66,"[(58.45845845845846, 174.37934919185213), (57.75775775775776, 162.8902177491439), (59.75975975975976, 199.12097224517385), (56.05605605605606, 132.29341141275978), (60.66066066066067, 219.56977332242133), (58.65865865865866, 177.4317799228701), (57.45745745745746, 147.93385355411706), (58.95895895895896, 189.4444119550248), (58.65865865865866, 174.77214572063576), (59.95995995995997, 209.91735406198643)]",27.0,1.34,135.81 - 217.4,56.37 - 60.5
C92_012,"SRSF2_p.P95H, TET2_p.N1266S, X",567.08,64.6,65.47,"[(64.56456456456456, 470.99853078095083), (64.56456456456456, 448.21157131158344), (64.66466466466467, 450.88512924432484), (64.26426426426427, 406.1891796482538), (63.96396396396397, 375.70129986415833), (64.36436436436436, 438.1109673094257), (64.16416416416416, 406.43323330609195), (64.06406406406407, 416.1543776160436), (65.46546546546547, 567.0827679782604), (64.46446446446447, 444.38411725238245)]",51.89,0.42,382.56 - 545.46,63.99 - 65.29
C92_016,DNMT3A_p.G699D,8.96,9.66,10.71,"[(13.61, 9.77), (10.61, 8.96), (11.91, 9.31), (8.81, 8.55), (10.61, 9.02), (11.41, 9.13), (13.31, 9.74), (18.02, 11.26), (9.61, 8.73), (10.41, 8.94), (15.72, 10.45), (17.62, 11.13), (10.71, 8.96), (12.21, 9.39), (15.12, 10.24), (11.51, 9.09), (9.51, 8.65), (13.81, 9.94)]",0.81,2.72,8.59 - 11.2,9.11 - 17.85
C92_016,NPM1_p.W288Cfs*12,189.34,53.85,54.55,"[(53.95, 162.27), (54.55, 185.45), (54.15, 157.26), (52.85, 108.26), (54.45, 184.01), (55.36, 237.2), (54.35, 175.6), (54.65, 147.56), (53.55, 144.24), (54.05, 164.01), (54.55, 189.43), (55.06, 220.8), (54.55, 189.34), (53.95, 164.43), (52.05, 98.93), (55.36, 247.66), (55.36, 236.69), (55.86, 282.45)]",47.7,0.93,102.9 - 267.66,52.39 - 55.65
C92_016,"NPM1_p.W288Cfs*12, WT1_p.V384Dfs*8",270.54,54.61,55.16,"[(55.06, 270.07), (55.16, 264.39), (55.36, 289.89), (55.26, 278.87), (55.66, 316.07), (55.46, 291.11), (55.36, 282.14), (55.06, 266.8), (55.26, 273.45), (55.06, 268.28), (55.36, 289.39), (55.36, 289.04), (55.16, 270.54), (55.46, 299.67), (55.56, 299.09), (55.36, 283.03), (55.46, 294.84), (55.76, 325.44)]",16.86,0.2,265.41 - 321.46,55.06 - 55.72
C92_016,"NPM1_p.W288Cfs*12, WT1_p.V384Dfs*8, FLT3_ITD",450.85,56.99,57.46,"[(57.06, 334.7), (56.76, 296.71), (56.96, 324.32), (57.36, 418.16), (57.16, 393.76), (57.26, 389.55), (56.96, 326.46), (57.06, 344.13), (57.06, 350.77), (56.96, 312.35), (57.16, 367.58), (57.16, 388.73), (57.46, 450.85), (56.96, 325.73), (56.86, 308.32), (57.36, 428.69), (57.46, 459.67), (56.96, 330.55)]",50.45,0.2,301.64 - 455.92,56.8 - 57.46
C92_018,SF3B1_p.K666N,13.92,3.82,4.8,"[(2.0, 13.28), (6.71, 14.31), (5.51, 14.1), (2.1, 13.32), (2.6, 13.38), (2.4, 13.33), (2.6, 13.4), (2.1, 13.32), (5.51, 14.05), (4.5, 13.84), (2.6, 13.47), (3.6, 13.66), (4.8, 13.92), (6.21, 14.21), (12.31, 15.87)]",0.67,2.73,13.29 - 15.32,2.04 - 10.35
C92_018,"SF3B1_p.K666N, NPM1_p.W288Cfs*12",68.22,61.47,62.46,"[(67.07, 126.76), (67.07, 125.04), (63.46, 78.05), (65.97, 106.6), (66.37, 112.83), (67.77, 143.82), (66.67, 117.22), (65.17, 96.38), (66.97, 125.92), (67.97, 144.74), (65.57, 100.68), (63.16, 74.51), (62.46, 68.22), (65.77, 105.3), (66.17, 109.84)]",23.13,1.66,70.42 - 144.42,62.7 - 67.9
C92_018,"SF3B1_p.K666N, NPM1_p.W288Cfs*12, WT1_p.E500K",404.66,71.23,71.87,"[(71.67, 378.86), (71.67, 381.06), (71.67, 377.45), (71.17, 327.61), (71.77, 405.37), (71.27, 347.6), (71.67, 370.37), (71.27, 326.79), (72.67, 566.02), (71.57, 351.61), (71.27, 320.84), (71.77, 397.66), (71.87, 404.66), (71.57, 364.32), (71.47, 346.11)]",58.87,0.36,322.92 - 509.79,71.2 - 72.39
C92_018,"SF3B1_p.K666N, NPM1_p.W288Cfs*12, WT1_p.E500K, WT1_p.R385Gfs*5",415.25,71.8,72.47,"[(72.77, 476.98), (73.37, 699.15), (72.17, 378.61), (73.27, 665.08), (72.57, 443.02), (72.67, 463.03), (72.57, 449.73), (73.37, 732.55), (73.27, 676.13), (72.77, 500.77), (72.07, 354.79), (72.57, 434.8), (72.47, 415.25), (72.17, 377.33), (72.07, 356.61)]",131.52,0.46,355.43 - 720.86,72.07 - 73.37
C92_019,BCORL1_p.R1536H,18.32,1.25,2.2,"[(1.6016016016016017, 18.03917944256816), (8.208208208208209, 20.152249760863537), (5.505505505505506, 19.182959073076617), (3.8038038038038042, 18.76474563976836), (4.804804804804805, 18.98714132503198), (2.2022022022022023, 18.304214944214518), (3.6036036036036037, 18.675199128476336), (5.105105105105105, 19.191117124931548), (4.904904904904905, 19.059191079418554), (1.001001001001001, 18.136792794336376), (2.2022022022022023, 18.32103243112096), (5.9059059059059065, 19.237144093473123), (5.705705705705706, 19.29235838510987), (1.8018018018018018, 18.474200873644662), (5.805805805805806, 19.355966839474554), (4.804804804804805, 19.03294270161988), (2.2022022022022023, 18.408451955764544), (4.3043043043043046, 18.868204834796824), (1.3013013013013013, 18.066500658826833), (1.6016016016016017, 18.17632928510103), (2.5025025025025025, 18.633203988181904), (1.7017017017017018, 18.22608249229038), (1.3013013013013013, 18.081191517748014)]",0.54,1.98,18.05 - 19.71,1.17 - 6.94
C92_019,"BCORL1_p.R1536H, TET2_p.Q108X",33.83,46.19,47.35,"[(44.44444444444445, 30.234927770090263), (48.14814814814815, 35.291869076953084), (48.24824824824825, 34.88081286669395), (48.34834834834835, 34.920281324455935), (47.04704704704705, 33.38195198860771), (48.04804804804805, 34.425933736637134), (45.14514514514515, 31.326807964199276), (50.050050050050054, 37.87732270010065), (47.44744744744745, 33.87780438169007), (46.84684684684685, 33.53127444856322), (47.34734734734735, 33.83091550903584), (48.14814814814815, 34.54308527045157), (47.54754754754755, 34.0278537499411), (47.44744744744745, 34.510201752802544), (47.54754754754755, 34.2207529383294), (47.94794794794795, 34.469446108827576), (48.34834834834835, 35.243021690616935), (47.84784784784785, 34.33697851694155), (47.44744744744745, 33.6812948881812), (44.94494494494495, 31.025510250344734), (48.84884884884885, 36.406709793897555), (49.64964964964965, 37.023689311156424), (45.74574574574575, 31.81059628815504)]",1.8,1.37,30.67 - 37.41,44.72 - 49.83
C92_019,"BCORL1_p.R1536H, TET2_p.Q108X, TET2_p.S1292R",59.83,61.25,63.96,"[(63.26326326326327, 56.35276460191639), (63.16316316316317, 58.17523417393717), (62.36236236236237, 54.28390771236591), (62.96296296296297, 56.31848323328854), (63.46346346346347, 57.962998439395854), (62.36236236236237, 55.02585565906981), (64.46446446446447, 62.429206443308395), (64.76476476476476, 64.5723973933187), (63.56356356356357, 58.55131613750818), (63.96396396396397, 59.85219199134225), (63.96396396396397, 59.83423427303608), (62.96296296296297, 56.0364027226844), (63.26326326326327, 57.85173999075967), (63.06306306306307, 56.33393855141038), (62.96296296296297, 58.10340310938755), (60.46046046046047, 50.41767630106811), (61.96196196196197, 52.52705614659136), (62.26226226226227, 55.20452092244803), (62.36236236236237, 54.41726859168746), (63.56356356356357, 57.73453713717905), (64.06406406406407, 61.048955149444296), (63.86386386386387, 61.175087401824015), (62.96296296296297, 55.16077421460825)]",3.24,0.93,51.58 - 63.39,61.29 - 64.6
C92_019,"BCORL1_p.R1536H, X",271.95,74.45,76.38,"[(84.68468468468468, 282.3238002810338), (77.67767767767768, 247.40966292735544), (82.58258258258259, 316.1036447055694), (79.07907907907908, 147.0684853977983), (79.97997997997999, 207.33721950082136), (84.18418418418419, 91.62894185868093), (77.47747747747748, 369.37797115907966), (76.77677677677679, 327.30839644585956), (84.08408408408408, 237.15229323765848), (75.37537537537538, 219.32697738936366), (76.37637637637638, 271.95485884588277), (82.88288288288288, 252.74170000908248), (79.27927927927928, 135.94550435291904), (83.08308308308308, 270.36097493521754), (76.87687687687688, 315.7058948875518), (79.07907907907908, 319.74613412536075), (76.77677677677679, 189.31353509055168), (80.48048048048048, 201.0239661707097), (84.28428428428428, 213.45947939859138), (86.18618618618619, 247.09618323429393), (76.37637637637638, 281.93617135382937), (73.27327327327328, 170.55305159527921), (78.87887887887888, 124.61704739389312)]",71.87,3.54,109.77 - 346.24,74.43 - 85.36
C92_022,"TET2_p.S1593Afs*3, TET2_p.H1380D, SRSF2_p.P95H",21.44,3.82,4.8,"[(1.7017017017017018, 22.22841865561356), (4.804804804804805, 21.444241592319585), (3.6036036036036037, 21.03316166978394), (3.6036036036036037, 22.689070350051058), (4.3043043043043046, 23.45949950551465), (2.5025025025025025, 25.48617423562898), (6.606606606606607, 24.83763388828651)]",1.67,1.6,21.09 - 25.39,1.82 - 6.34
C92_022,CBL_p.R420Q,15.22,12.54,13.51,"[(17.31731731731732, 16.14163101849906), (13.513513513513514, 15.21773937985611), (13.713713713713714, 13.63234689449801), (17.91791791791792, 17.03566903415208), (22.222222222222225, 23.54534981969208), (11.811811811811813, 10.91431478717529), (16.916916916916918, 19.705849027321246)]",4.11,3.5,11.32 - 22.97,12.07 - 21.58
C92_022,"TET2_p.S1593Afs*3, TET2_p.H1380D, SRSF2_p.P95H, KRAS_p.G60D",64.14,47.05,48.25,"[(47.24724724724725, 69.27608249958176), (48.24824824824825, 64.1424122975135), (41.94194194194194, 39.284243865792114), (45.14514514514515, 59.25583599373528), (47.54754754754755, 55.51850231141599), (47.24724724724725, 65.30956573684125), (49.54954954954955, 83.97989855888522)]",13.64,2.48,41.72 - 81.77,42.42 - 49.35
C92_022,"TET2_p.S1593Afs*3, TET2_p.H1380D, SRSF2_p.P95H, MPL_p.W515L",124.02,52.47,53.85,"[(57.65765765765766, 212.9521010504647), (53.853853853853856, 124.01968648488275), (56.05605605605606, 159.15507516970663), (55.95595595595596, 161.76306069748404), (54.454454454454456, 135.2984938899195), (56.45645645645646, 189.87281108131273), (56.15615615615616, 180.6023364574122)]",30.98,1.27,125.71 - 209.49,53.94 - 57.48
C92_022,"TET2_p.S1593Afs*3, TET2_p.H1380D, SRSF2_p.P95H, JAK2_p.V617F",194.98,54.19,55.46,"[(54.95495495495496, 187.70543686335296), (55.45545545545546, 194.9784712823021), (56.75675675675676, 232.82963034378133), (55.35535535535536, 196.01556388694038), (54.85485485485486, 183.92728425219812), (55.95595595595596, 228.3934057996706), (56.55655655655656, 245.61839823748443)]",24.92,0.75,184.49 - 243.7,54.87 - 56.73
C92_022,"TET2_p.S1593Afs*3, TET2_p.H1380D, SRSF2_p.P95H, chr19p_CNLOH",344.53,58.04,59.16,"[(58.95895895895896, 336.45374198159817), (59.15915915915916, 344.52892087843657), (58.55855855855856, 304.9576284775322), (58.35835835835836, 299.4702738719442), (58.45845845845846, 298.861711517121), (59.05905905905906, 367.52192113951304), (58.75875875875876, 347.4270178739256)]",27.31,0.31,298.95 - 364.51,58.37 - 59.14
C92_022,"TET2_p.S1593Afs*3, TET2_p.H1380D, SRSF2_p.P95H, JAK2_p.V617F, chr9p_CNLOH",345.25,58.49,59.56,"[(58.75875875875876, 286.31515737499467), (59.55955955955956, 345.2523646062214), (58.75875875875876, 279.91824075836456), (59.65965965965966, 357.86004476818056), (59.95995995995997, 374.44287287823136), (59.45945945945946, 370.37805446659195), (59.95995995995997, 418.7407107664477)]",49.58,0.51,280.88 - 412.1,58.76 - 59.96
C92_022,"TET2_p.S1593Afs*3, TET2_p.H1380D, SRSF2_p.P95H, JAK2_p.V617F, chr9p_CNLOH, X",837.14,61.97,62.96,"[(62.16216216216217, 659.194649811386), (62.96296296296297, 837.1352045568354), (61.76176176176177, 578.9909625354886), (81.08108108108108, 486.0938616967927), (64.16416416416416, 778.7429679139509), (62.36236236236237, 707.0489637789485), (71.27127127127127, 676.2198783038945)]",117.78,7.21,500.03 - 828.38,61.82 - 79.61
C92_023,"TET2_p.P1079Qfs*3, ASXL1_p.G643Rfs*15",37.06,5.95,6.81,"[(4.1, 40.39), (1.7, 32.73), (3.1, 40.08), (5.01, 32.98), (2.1, 35.62), (1.0, 31.9), (4.1, 27.94), (6.81, 37.06), (6.01, 40.51), (2.2, 30.6), (2.2, 38.25), (2.0, 42.27)]",4.6,1.84,28.67 - 41.79,1.19 - 6.59
C92_023,"TET2_p.P1079Qfs*3, ASXL1_p.G643Rfs*15, CBL_p.C416S",66.08,37.32,40.54,"[(49.95, 96.6), (43.34, 68.26), (40.74, 72.66), (33.83, 51.15), (45.95, 77.93), (48.85, 83.2), (39.04, 51.49), (40.54, 66.08), (40.54, 72.28), (42.04, 64.3), (45.95, 81.26), (45.05, 83.56)]",13.31,4.49,51.24 - 93.01,35.26 - 49.65
C92_023,"TET2_p.P1079Qfs*3, ASXL1_p.G643Rfs*15, TET2_p.R1261C",69.5,39.01,43.54,"[(51.25, 82.35), (43.24, 63.15), (53.95, 108.61), (50.25, 81.88), (51.15, 88.72), (47.85, 73.23), (40.24, 49.45), (43.54, 69.5), (57.66, 145.3), (53.45, 96.28), (46.95, 77.84), (51.35, 95.93)]",24.55,5.05,53.22 - 135.21,41.07 - 56.64
C92_023,"TET2_p.P1079Qfs*3, ASXL1_p.G643Rfs*15, EZH2_p.W624S",81.18,41.21,46.65,"[(46.35, 84.59), (35.54, 56.68), (39.44, 71.78), (45.15, 73.86), (51.65, 99.07), (43.54, 69.7), (31.73, 40.22), (46.65, 81.18), (36.24, 67.4), (34.13, 50.62), (38.54, 68.65), (45.95, 85.08)]",16.15,6.15,43.08 - 95.22,32.39 - 50.28
C92_023,"TET2_p.P1079Qfs*3, ASXL1_p.G643Rfs*15, GNB1_p.K57E",107.13,44.01,49.35,"[(50.85, 118.69), (44.64, 84.91), (49.35, 110.37), (51.55, 114.55), (46.85, 94.9), (49.95, 105.18), (44.44, 76.82), (49.35, 107.13), (46.05, 97.5), (48.65, 96.63), (50.75, 115.82), (51.55, 124.31)]",14.19,2.57,79.04 - 122.76,44.5 - 51.55
C92_023,"TET2_p.P1079Qfs*3, ASXL1_p.G643Rfs*15, BCORL1_p.G1489D",103.97,45.45,51.75,"[(52.45, 111.77), (34.73, 56.27), (51.85, 108.0), (45.55, 75.74), (42.24, 72.56), (48.35, 84.34), (48.35, 77.58), (51.75, 103.97), (46.85, 87.2), (54.05, 110.5), (55.06, 129.14), (51.65, 109.24)]",21.27,5.73,60.75 - 124.36,36.8 - 54.78
C92_023,"TET2_p.P1079Qfs*3, ASXL1_p.G643Rfs*15, NRAS_p.G12D",152.18,50.01,55.56,"[(55.26, 151.41), (55.36, 144.44), (57.86, 90.79), (52.65, 115.03), (56.36, 160.67), (50.85, 80.68), (54.15, 120.55), (55.56, 152.18), (55.46, 151.63), (48.65, 28.22), (55.36, 147.73), (56.66, 130.63)]",39.21,2.6,42.65 - 158.34,49.26 - 57.53
C92_023,"TET2_p.P1079Qfs*3, ASXL1_p.G643Rfs*15, NRAS_p.G12D, CBL_p.M374K",183.47,53.12,58.36,"[(59.16, 203.97), (57.06, 149.28), (60.36, 236.75), (57.06, 153.61), (57.86, 165.89), (57.56, 164.91), (57.96, 159.55), (58.36, 183.47), (60.06, 225.35), (57.36, 157.82), (58.56, 190.22), (57.96, 188.52)]",28.58,1.09,150.47 - 233.61,57.06 - 60.28
C92_023,"TET2_p.P1079Qfs*3, ASXL1_p.G643Rfs*15, NRAS_p.G12D, X",390.14,59.14,62.26,"[(62.06, 381.23), (61.76, 325.99), (59.26, 245.5), (61.46, 339.42), (60.56, 274.58), (60.26, 272.88), (60.06, 249.39), (62.26, 390.14), (60.36, 274.78), (59.96, 255.37), (61.56, 341.04), (60.86, 320.01)]",50.6,0.94,246.57 - 387.69,59.45 - 62.2
C92_024,DNMT3A_p.K154del,20.67,0.07,1.0,"[(6.11, 22.85), (7.31, 23.37), (1.0, 20.7), (3.7, 21.78), (1.0, 20.65), (1.0, 20.68), (1.1, 20.71), (1.0, 20.68), (1.0, 20.69), (2.9, 21.44), (1.0, 20.65), (1.0, 20.67), (0.9, 20.65), (1.0, 20.67), (1.0, 20.68), (0.9, 20.65), (8.31, 23.96), (1.1, 20.7), (1.0, 20.7), (1.0, 20.67), (0.9, 20.69), (4.0, 21.93)]",0.98,2.27,20.65 - 23.65,0.9 - 7.78
C92_024,"DNMT3A_p.K154del, WT1_p.P381Rfs*73",488.4,62.29,63.36,"[(63.36, 495.39), (62.36, 332.53), (62.56, 371.03), (63.26, 469.08), (63.16, 430.58), (62.86, 396.43), (62.66, 375.37), (63.16, 443.14), (62.86, 391.37), (63.26, 468.99), (62.36, 341.04), (63.36, 488.4), (63.16, 437.95), (62.46, 361.79), (62.56, 361.55), (62.76, 392.79), (62.56, 366.36), (61.96, 312.97), (62.06, 317.51), (62.16, 320.31), (62.96, 414.82), (62.16, 318.96)]",57.82,0.44,315.35 - 491.72,62.01 - 63.36
C92_032,TET2_p.G1913D,7.87,0.32,1.3,"[(3.8038038038038042, 8.214915193002193), (3.2032032032032034, 8.123033144042092), (3.4034034034034035, 8.170027777927826), (7.107107107107107, 8.795837392573604), (3.2032032032032034, 8.124871078321723), (4.004004004004004, 8.249494375373512), (1.4014014014014016, 7.848283390602012), (1.3013013013013013, 7.865834693532543), (1.2012012012012012, 7.7952928241217005), (1.001001001001001, 7.819114849249434), (1.4014014014014016, 7.8732559252323115), (6.406406406406407, 8.670987867856446), (1.001001001001001, 7.781637105336528), (1.001001001001001, 7.7670418150200025), (1.6016016016016017, 7.9213998343694705), (1.2012012012012012, 7.831845745836191), (5.205205205205205, 8.461686200407811), (1.3013013013013013, 7.842167869644348), (2.1021021021021022, 7.952404443395506), (1.001001001001001, 7.80528623388631), (1.2012012012012012, 7.827770886847782), (1.8018018018018018, 7.9161117154407075), (2.802802802802803, 8.06174495164519), (1.2012012012012012, 7.834997419854785), (2.1021021021021022, 7.954155072658499)]",0.28,1.73,7.78 - 8.72,1.0 - 6.69
C92_032,DNMT3A_p.Y533X,6.36,0.85,1.9,"[(1.2012012012012012, 6.253884395853543), (4.3043043043043046, 6.633858767035812), (3.5035035035035036, 6.555030974023459), (1.5015015015015016, 6.296424290648487), (2.6026026026026026, 6.448479749054075), (4.3043043043043046, 6.673310957573097), (5.305305305305305, 6.765293327036671), (1.9019019019019021, 6.355567474854726), (1.1011011011011012, 6.269622836832049), (5.005005005005005, 6.760735186555866), (5.605605605605606, 6.8137160676937825), (5.305305305305305, 6.808688109987723), (2.2022022022022023, 6.381952755042716), (1.9019019019019021, 6.33884597926723), (1.001001001001001, 6.245855104184519), (1.2012012012012012, 6.279667335987458), (1.3013013013013013, 6.273841993165427), (1.3013013013013013, 6.2813560674844355), (6.606606606606607, 6.953469492572434), (9.20920920920921, 7.378762686043619), (2.5025025025025025, 6.466319475509155), (2.902902902902903, 6.427571797675862), (2.2022022022022023, 6.3641774286753705), (1.5015015015015016, 6.260220869259345), (1.9019019019019021, 6.365266277263765)]",0.28,2.1,6.25 - 7.12,1.06 - 7.65
C92_032,DNMT3A_p.E371X,6.08,4.87,5.91,"[(3.0030030030030033, 5.6980007410793645), (5.005005005005005, 5.967295785134864), (1.8018018018018018, 5.530431304288081), (3.5035035035035036, 5.759709701070716), (1.5015015015015016, 5.556902155629172), (5.405405405405406, 6.060906608059076), (4.404404404404405, 5.914041444104068), (5.9059059059059065, 6.081711506062132), (3.2032032032032034, 5.70430678523648), (6.206206206206207, 6.142214455994932), (4.2042042042042045, 5.876500154150233), (3.2032032032032034, 5.77706517141106), (5.205205205205205, 5.98241050417452), (8.608608608608609, 6.449435420951814), (4.504504504504505, 5.911190838052482), (2.2022022022022023, 5.6356709762014265), (4.804804804804805, 5.909899860650853), (1.9019019019019021, 5.566216961119412), (1.3013013013013013, 5.502553482333292), (3.3033033033033035, 5.77388901457863), (2.702702702702703, 5.693268578636864), (1.8018018018018018, 5.585777030700708), (7.407407407407407, 6.288134037199983), (1.2012012012012012, 5.478821967611371), (4.604604604604605, 5.9290643438300865)]",0.25,1.94,5.49 - 6.35,1.26 - 7.89
C92_032,DNMT3A_p.V649M,6.85,7.0,8.01,"[(10.910910910910912, 7.311532751455909), (10.11011011011011, 7.174671543755956), (16.316316316316318, 8.304804188269339), (14.214214214214214, 7.8593727479093545), (13.413413413413414, 7.706960549478932), (5.505505505505506, 6.4959541754387065), (6.0060060060060065, 6.527451756463335), (8.008008008008009, 6.85411868309085), (14.114114114114114, 7.824564966294427), (26.026026026026027, 10.908183574769383), (11.411411411411413, 7.329367886410856), (10.710710710710712, 7.220782505467942), (14.414414414414415, 7.909921787702502), (9.70970970970971, 7.076576895400357), (13.813813813813814, 7.772328039709286), (13.313313313313314, 7.725891538390221), (4.104104104104104, 6.278710196802393), (8.308308308308309, 6.883204077987536), (12.812812812812814, 7.62907262994382), (10.31031031031031, 7.206597274669706), (15.515515515515517, 8.095496854410705), (7.407407407407407, 6.741661487669543), (13.913913913913914, 7.855516980484535), (7.6076076076076085, 6.76503416362459), (14.514514514514515, 7.957247070461469)]",0.9,4.49,6.41 - 9.35,4.94 - 20.2
C92_032,DNMT3A_p.Y735C,10.14,15.71,16.72,"[(6.0060060060060065, 8.053721382324849), (12.612612612612613, 9.211473685699046), (9.40940940940941, 8.612254219915167), (10.61061061061061, 8.841043555226884), (2.702702702702703, 7.50127882088123), (13.313313313313314, 9.386298297482178), (6.306306306306307, 8.051751572699171), (16.716716716716718, 10.135481400204686), (6.506506506506507, 8.120922423981325), (4.404404404404405, 7.7912944815351866), (6.206206206206207, 8.036658769738699), (4.904904904904905, 7.8547284449953665), (3.0030030030030033, 7.581976010771228), (7.107107107107107, 8.202959121940447), (7.6076076076076085, 8.292893631105597), (10.710710710710712, 8.822472886799325), (14.914914914914915, 9.69874115432709), (19.51951951951952, 10.898895849485024), (9.30930930930931, 8.594817541483128), (5.805805805805806, 8.026863823755653), (10.710710710710712, 8.827072380873878), (5.105105105105105, 7.872484428883858), (8.80880880880881, 8.499198035816026), (8.90890890890891, 8.480051122456416), (2.3023023023023024, 7.466866261567663)]",0.84,4.38,7.49 - 10.44,2.54 - 17.84
C92_032,DNMT3A_p.L637P,15.98,18.25,19.22,"[(21.22122122122122, 16.815726521669983), (18.31831831831832, 15.682091672172913), (19.41941941941942, 16.051591196063104), (20.12012012012012, 16.384526483150665), (19.71971971971972, 16.16344071960196), (19.01901901901902, 15.897394766185691), (19.31931931931932, 16.02250818733163), (19.21921921921922, 15.98144490098157), (21.32132132132132, 16.86309725519133), (20.02002002002002, 16.316596219871236), (19.81981981981982, 16.22637303215152), (19.71971971971972, 16.17389670308308), (20.42042042042042, 16.471074178579332), (19.71971971971972, 16.19143329910656), (20.02002002002002, 16.30636678782121), (19.11911911911912, 15.937887027920327), (20.22022022022022, 16.30989668128299), (18.31831831831832, 15.615125875974703), (20.72072072072072, 16.64012526258248), (20.32032032032032, 16.382289374101543), (20.82082082082082, 16.583690458477918), (20.42042042042042, 16.434649330690014), (20.32032032032032, 16.37730194747582), (19.91991991991992, 16.269395076967427), (18.71871871871872, 15.824245848724475)]",0.32,0.8,15.66 - 16.83,18.32 - 21.26
C92_032,"DNMT3A_p.L637P, DNMT3A_p.R688G",63.78,60.2,61.16,"[(65.06506506506507, 119.63733292889106), (64.46446446446447, 105.12607430625067), (62.26226226226227, 74.57959373796763), (64.66466466466467, 110.13828906973264), (63.16316316316317, 85.5565782538601), (61.16116116116117, 64.65680965275855), (64.36436436436436, 103.83896386039318), (61.16116116116117, 63.784157772824216), (63.56356356356357, 90.49609966746715), (63.46346346346347, 89.45108389811496), (62.26226226226227, 74.25020390271526), (62.46246246246247, 76.92794356830366), (64.26426426426427, 102.22651531351418), (64.46446446446447, 105.5249351622383), (62.16216216216217, 72.95438031450391), (63.76376376376377, 93.98889775285944), (63.16316316316317, 84.68694747803671), (62.66266266266267, 78.92780547287953), (63.76376376376377, 92.4315937873817), (60.76076076076077, 62.06927125807531), (63.36336336336337, 88.67359787855861), (61.06106106106107, 63.19057344004234), (64.06406406406407, 97.87733221391808), (62.76276276276277, 79.80797500242296), (62.36236236236237, 75.71210504466757)]",15.92,1.22,62.74 - 113.94,60.94 - 64.82
C92_033,"SRSF2_p.P95H, TET2_p.H1036Tfs*19",34.73,28.91,29.83,"[(35.24, 40.62), (35.14, 40.54), (34.33, 39.6), (33.43, 38.55), (32.73, 37.72), (29.83, 34.73), (34.63, 39.95), (34.23, 39.34), (42.34, 52.67), (39.14, 46.56), (44.84, 58.31), (33.03, 37.99), (32.93, 37.83), (35.64, 41.17), (43.24, 54.52), (33.03, 37.88), (41.84, 51.58), (41.94, 51.43), (33.93, 39.07), (47.15, 65.29), (43.64, 55.31), (40.84, 49.48), (40.84, 49.6), (36.24, 42.1), (35.94, 41.71)]",7.96,4.67,36.52 - 61.1,31.57 - 45.76
C92_033,"SRSF2_p.P95H, TET2_p.H1036Tfs*19, MPL_p.Y591D",242.43,63.57,64.96,"[(64.96, 248.41), (64.96, 247.74), (64.96, 247.55), (64.86, 245.6), (64.96, 246.06), (64.96, 242.43), (64.96, 248.19), (64.86, 246.8), (64.96, 260.73), (64.86, 254.5), (65.07, 266.24), (64.86, 245.07), (64.96, 245.54), (64.96, 249.83), (64.86, 262.26), (64.86, 245.86), (64.96, 258.58), (65.07, 260.25), (64.96, 246.42), (65.07, 274.12), (64.96, 262.83), (65.07, 257.4), (64.96, 258.44), (64.96, 249.85), (65.07, 249.97)]",8.15,0.07,244.01 - 269.39,64.86 - 65.07
C92_034,SRSF2_p.P95L,12.92,2.92,3.9,"[(5.005005005005005, 11.771150893777735), (3.2032032032032034, 14.49831253552461), (6.106106106106107, 14.828920499656286), (2.1021021021021022, 13.045343546383686), (3.7037037037037037, 15.006858844156573), (3.4034034034034035, 15.070787989503831), (2.4024024024024024, 11.971620730826572), (4.704704704704705, 10.926449267074617), (4.004004004004004, 14.96743437512782), (4.004004004004004, 13.54062630865885), (4.3043043043043046, 15.157976500219172), (4.504504504504505, 12.819195144013937), (3.9039039039039043, 12.922645789051753), (1.6016016016016017, 13.674989974734222), (2.802802802802803, 13.709701634359671), (1.4014014014014016, 12.85111650702888), (2.002002002002002, 13.542150566486857), (6.306306306306307, 13.914791589509395), (1.1011011011011012, 11.086291800713184), (2.5025025025025025, 12.300631705854768), (2.002002002002002, 13.07968127187278), (3.2032032032032034, 15.58792143389095), (3.7037037037037037, 11.749842750569456)]",1.36,1.41,11.01 - 15.35,1.27 - 6.2
C92_034,"chrX_GAIN, DNMT3A_p.R882H",16.17,3.18,4.2,"[(5.005005005005005, 11.53738297294178), (4.3043043043043046, 17.793824931220108), (1.2012012012012012, 12.496895582361843), (1.6016016016016017, 15.203346582779776), (6.0060060060060065, 18.60207778169281), (4.404404404404405, 13.428260459164324), (4.504504504504505, 14.738519420999237), (2.1021021021021022, 10.375060135197135), (5.105105105105105, 18.256506104406025), (5.405405405405406, 16.894605347026435), (1.9019019019019021, 17.595801758454353), (3.3033033033033035, 15.878343619028193), (4.2042042042042045, 16.169295059188542), (5.205205205205205, 17.498657074363695), (5.105105105105105, 17.069859127450478), (1.001001001001001, 15.558801872566743), (8.008008008008009, 18.47029444820778), (3.7037037037037037, 16.160891201689093), (4.404404404404405, 14.308025406293462), (2.802802802802803, 15.287255654490398), (1.8018018018018018, 16.150043922575456), (2.802802802802803, 18.82208753660005), (6.106106106106107, 14.387389076002286)]",2.27,1.79,11.01 - 18.7,1.11 - 6.96
C92_034,"chrX_GAIN, DNMT3A_p.R882H, SRSF2_p.P95R",25.86,28.56,29.53,"[(29.02902902902903, 23.428740849052446), (28.92892892892893, 28.059447642220448), (27.32732732732733, 26.444129509542652), (28.82882882882883, 26.031816149695164), (31.531531531531535, 30.569447884069994), (30.130130130130134, 29.950174520129085), (32.232232232232235, 26.334740214859266), (28.02802802802803, 21.66985572715439), (32.432432432432435, 31.576723870385255), (32.732732732732735, 29.29908117913329), (31.031031031031034, 30.34105106379405), (33.433433433433436, 27.92668386901831), (29.52952952952953, 25.85578970794359), (28.32832832832833, 27.34138914890412), (30.030030030030034, 27.638065527012518), (31.931931931931935, 28.254462435575768), (27.92792792792793, 26.706214510069675), (30.730730730730734, 27.698063163200725), (31.231231231231234, 25.26513035286897), (29.12912912912913, 25.013211897987702), (29.82982982982983, 26.99779737162239), (26.126126126126128, 27.847417676240116), (32.232232232232235, 25.706204657510057)]",2.3,1.93,22.64 - 31.02,26.79 - 33.05
C92_034,"chrX_GAIN, DNMT3A_p.R882H, TET2_p.Q1389X",30.43,29.79,30.73,"[(31.931931931931935, 29.194502368921825), (30.030030030030034, 32.662133808151026), (29.72972972972973, 32.35142357263852), (28.22822822822823, 29.18229424878981), (29.62962962962963, 32.94850129213023), (28.42842842842843, 32.82282582208583), (28.82882882882883, 27.542288724516702), (28.22822822822823, 25.204067982402673), (34.034034034034036, 37.18563647415555), (30.930930930930934, 31.473710462728622), (30.330330330330334, 33.46424661653117), (29.02902902902903, 28.615602735326885), (30.730730730730734, 30.43053507050605), (30.930930930930934, 32.931407531537346), (31.631631631631635, 33.050502770903385), (29.62962962962963, 30.306829492248934), (29.02902902902903, 31.094167191452893), (33.733733733733736, 34.222697789179826), (30.030030030030034, 27.935642729875433), (35.13513513513514, 33.99851985435124), (30.730730730730734, 31.35316791329027), (30.730730730730734, 34.716266140657595), (29.02902902902903, 27.270463359931608)]",2.84,1.84,26.34 - 35.83,28.23 - 34.53
C92_034,"chrX_GAIN, DNMT3A_p.R882H, TET2_p.C1298Y",43.02,49.09,50.15,"[(49.24924924924925, 38.045168480378855), (46.74674674674675, 41.9220980963079), (48.94894894894895, 45.67105416334335), (48.44844844844845, 41.703929570926704), (46.54654654654655, 42.424756383151035), (48.84884884884885, 47.82247807012844), (49.54954954954955, 38.61290116586877), (45.24524524524525, 29.360998322111087), (52.152152152152155, 55.33167507833928), (45.94594594594595, 37.394289304529764), (48.44844844844845, 46.15122102994606), (48.44844844844845, 39.00472295112821), (50.150150150150154, 43.01608947322566), (50.350350350350354, 49.3902040083176), (49.34934934934935, 44.0293071203217), (49.04904904904905, 42.41095026481751), (47.64764764764765, 42.57095455239905), (52.652652652652655, 51.41181859979541), (49.04904904904905, 38.3603797765954), (52.052052052052055, 47.84381887981254), (50.850850850850854, 47.34571813947629), (49.64964964964965, 50.97847772037546), (52.152152152152155, 44.49612356343578)]",5.66,1.98,33.78 - 53.18,45.63 - 52.38
C92_034,"chrX_GAIN, DNMT3A_p.R882H, TET2_p.Q1389X, TET2_p.Q659X",71.76,49.3,50.25,"[(52.252252252252255, 75.7846700767635), (50.450450450450454, 77.49601085730421), (51.751751751751755, 81.99338932898445), (50.850850850850854, 75.45671196531217), (49.64964964964965, 75.49703390514605), (51.051051051051054, 81.49399110968515), (49.34934934934935, 66.06959824171412), (50.450450450450454, 66.34177907832687), (51.851851851851855, 84.72464667723787), (51.351351351351354, 78.06690427606273), (50.450450450450454, 78.90598612548223), (46.94694694694695, 60.3608490074523), (50.250250250250254, 71.763528040455), (52.452452452452455, 85.84232506503724), (49.94994994994995, 73.28410097416864), (50.650650650650654, 74.78323911985633), (50.450450450450454, 76.25206495685234), (51.551551551551555, 79.02259677550155), (52.152152152152155, 76.26087617420497), (49.74974974974975, 68.9707163707684), (49.44944944944945, 70.25941840962402), (49.84984984984985, 77.91473684707483), (49.84984984984985, 66.60976325150915)]",6.3,1.22,63.5 - 85.23,48.27 - 52.34
C92_034,"chrX_GAIN, DNMT3A_p.R882H, JAK2_p.V617F",66.06,53.33,54.45,"[(49.64964964964965, 47.43772499743299), (50.250250250250254, 57.525280639784846), (49.84984984984985, 56.436202386539556), (53.353353353353356, 63.69006591097849), (51.051051051051054, 61.190879587214994), (46.34634634634635, 50.25578885196475), (46.54654654654655, 41.62832225924209), (49.04904904904905, 43.78785252667115), (52.552552552552555, 66.81705552635795), (51.551551551551555, 58.58493678540116), (52.952952952952955, 67.86173018195413), (49.04904904904905, 47.78208287196303), (54.454454454454456, 66.06213704706077), (53.653653653653656, 69.02562413979561), (51.951951951951955, 60.85265044446023), (52.252252252252255, 60.12838123234572), (49.34934934934935, 53.85522985949617), (51.851851851851855, 59.34715105602246), (51.851851851851855, 54.29405371626929), (52.952952952952955, 59.422621142924534), (49.84984984984985, 53.09579935183262), (50.450450450450454, 61.20951181834178), (51.551551551551555, 52.396597478446)]",7.53,2.09,42.82 - 68.39,46.46 - 54.01
C92_034,"chrX_GAIN, DNMT3A_p.R882H, EZH2_p.P558Q",143.17,64.65,66.67,"[(69.96996996996998, 98.80386066830026), (66.56656656656656, 144.4957692387587), (66.66666666666667, 153.21638075105972), (68.66866866866867, 187.05004700630985), (65.66566566566567, 126.63228417185188), (65.46546546546547, 129.7426530867629), (63.06306306306307, 93.7241155245436), (64.06406406406407, 99.93750886695322), (67.36736736736736, 171.4372780850759), (66.36636636636636, 139.52012350497162), (68.36836836836838, 189.18498447010194), (65.96596596596596, 121.01437561283845), (66.66666666666667, 143.17157927519034), (65.66566566566567, 132.37165799483486), (66.76676676676676, 150.82690834437477), (67.06706706706707, 156.27783054780906), (67.36736736736736, 163.8829800762315), (66.76676676676676, 148.89246991901203), (66.66666666666667, 143.69982648227216), (69.06906906906907, 191.77040328739227), (68.36836836836838, 181.37657579928683), (63.46346346346347, 103.23882992581584), (68.16816816816817, 172.44220434090423)]",29.51,1.7,96.52 - 190.35,63.28 - 69.47
C92_034,"chrX_GAIN, DNMT3A_p.R882H, EZH2_p.P558Q, SRSF2_p.P95H",251.39,68.29,70.47,"[(70.17017017017018, 244.4160295878192), (70.57057057057058, 265.44804623491694), (71.47147147147147, 336.29687049802374), (69.76976976976978, 217.9224519422847), (69.96996996996998, 237.09913702981257), (71.07107107107107, 301.9432317898245), (69.66966966966967, 212.24965018236105), (71.57157157157158, 316.7233527704837), (71.27127127127127, 319.1017255229869), (70.47047047047047, 261.29380187236205), (71.67167167167167, 336.51355656944327), (70.67067067067067, 252.6292129209313), (70.47047047047047, 251.38554912969943), (70.57057057057058, 275.59170563087935), (71.37137137137138, 317.0285400882724), (71.47147147147147, 311.7148321438076), (72.07207207207207, 386.2239443759727), (72.17217217217218, 395.5182630461447), (71.97197197197198, 378.1788820906965), (70.47047047047047, 249.5251143501253), (70.87087087087087, 273.48265986317165), (70.87087087087087, 288.40763065652055), (71.57157157157158, 315.344723301866)]",51.49,0.73,215.37 - 390.41,69.72 - 72.12
C92_036,DNMT3A_p.R720L,16.71,0.02,1.0,"[(1.0, 16.03), (1.0, 16.38), (11.41, 21.67), (16.72, 28.35), (9.31, 19.54), (11.51, 20.37), (11.81, 20.82), (13.51, 23.8), (11.11, 21.53), (16.02, 22.82), (1.0, 16.71), (2.6, 16.55), (9.21, 20.02), (2.5, 16.58), (11.11, 24.85), (2.1, 17.33), (0.9, 15.96)]",3.61,5.72,15.99 - 26.95,0.94 - 16.44
C92_036,X,17.58,6.39,7.41,"[(19.22, 20.89), (12.61, 18.86), (9.41, 20.15), (11.51, 25.04), (15.42, 20.92), (18.32, 22.33), (15.92, 21.61), (10.31, 21.77), (9.51, 20.19), (19.72, 23.64), (7.41, 17.58), (19.32, 21.13), (11.31, 20.0), (17.42, 20.46), (5.21, 21.96), (5.51, 17.48), (21.02, 21.61)]",1.91,5.2,17.52 - 24.48,5.33 - 20.5
C92_036,DNMT3A_p.R729W,13.77,17.71,18.72,"[(14.81, 11.71), (7.81, 10.57), (13.11, 13.89), (5.31, 15.54), (12.11, 12.2), (3.0, 10.23), (16.42, 13.76), (2.3, 12.35), (13.61, 14.04), (25.13, 17.26), (18.72, 13.77), (11.81, 11.1), (3.1, 10.73), (2.6, 9.38), (12.61, 17.36), (7.51, 11.26), (13.21, 11.26)]",2.37,6.38,9.72 - 17.32,2.42 - 22.57
C92_041,DNMT3A_p.R882H,22.21,29.07,30.03,"[(30.030030030030034, 22.230991190468032), (30.130130130130134, 22.262217576212965), (30.030030030030034, 22.240006136017925), (30.230230230230234, 22.250051309770242), (30.030030030030034, 22.209652360442504), (30.030030030030034, 22.237543835272223), (30.030030030030034, 22.209404020084538), (30.030030030030034, 22.205611220367448), (30.130130130130134, 22.24834471467584), (30.030030030030034, 22.19947584670305), (30.030030030030034, 22.21692381130689), (30.130130130130134, 22.280343745201723), (30.230230230230234, 22.288342999165582), (30.130130130130134, 22.205456423130833), (30.130130130130134, 22.226178611435497), (30.030030030030034, 22.225974030771262), (30.130130130130134, 22.203556501061282), (30.030030030030034, 22.246851974271525), (30.030030030030034, 22.22607093320342), (29.929929929929934, 22.202072356614394), (30.130130130130134, 22.22374634066455), (30.130130130130134, 22.292172353374593), (30.130130130130134, 22.27131777576655), (30.130130130130134, 22.179961451770552), (30.130130130130134, 22.264462095252195)]",0.03,0.07,22.19 - 22.29,29.99 - 30.23
C92_042,DNMT3A_p.R882H,19.04,1.76,2.7,"[(1.4014014014014016, 19.28054618922897), (1.001001001001001, 18.486901184074902), (1.7017017017017018, 20.030103156293475), (5.605605605605606, 20.100205693007325), (1.6016016016016017, 18.536395252792886), (4.104104104104104, 19.089252867352872), (1.001001001001001, 21.873924716611263), (3.4034034034034035, 18.929558374684007), (4.904904904904905, 19.1881622817403), (5.405405405405406, 19.927279454647604), (1.3013013013013013, 18.74183559429494), (6.306306306306307, 19.87999164809302), (1.7017017017017018, 18.971081503085248), (3.2032032032032034, 21.828247291700144), (2.702702702702703, 19.040674535438004), (1.1011011011011012, 18.22595252498096), (2.3023023023023024, 18.69427877382129), (3.6036036036036037, 20.6587287348541), (0.9009009009009009, 18.4666115915017)]",1.06,1.76,18.33 - 21.85,0.95 - 5.99
C92_042,"DNMT3A_p.R882H, SF3B1_p.K666N",11.06,4.07,5.11,"[(2.902902902902903, 11.411029450347378), (2.2022022022022023, 10.176539669762876), (11.611611611611613, 14.049181152406115), (3.0030030030030033, 10.570879302025109), (1.001001001001001, 9.859042704784477), (12.712712712712714, 12.377964364631755), (1.7017017017017018, 13.97381300675865), (6.106106106106107, 10.961709010537588), (7.507507507507508, 11.051467390155988), (4.504504504504505, 11.07827819586387), (1.5015015015015016, 10.24230786743035), (5.205205205205205, 10.844656845954322), (9.30930930930931, 12.276081613230875), (6.0060060060060065, 14.192543857444653), (5.105105105105105, 11.056909143839603), (7.507507507507508, 11.209152322653694), (9.00900900900901, 11.665176219579552), (1.1011011011011012, 11.445744817245442), (1.8018018018018018, 10.109330652998166)]",1.32,3.59,9.97 - 14.13,1.05 - 12.22
C92_042,"DNMT3A_p.R882H, SF3B1_p.K700E",12.24,5.24,6.21,"[(1.4014014014014016, 11.872817200214143), (7.007007007007007, 12.250914675457622), (4.604604604604605, 13.30266407241181), (7.207207207207207, 12.650295369963837), (4.604604604604605, 11.66269407896226), (9.80980980980981, 12.52143317753474), (1.8018018018018018, 14.80370270424633), (8.80880880880881, 12.345661591574942), (6.406406406406407, 11.618010244970657), (6.0060060060060065, 12.245518651768638), (13.113113113113114, 13.924652555424139), (12.112112112112113, 13.197030705316237), (3.2032032032032034, 11.923411521255098), (9.60960960960961, 16.058099112101544), (6.206206206206207, 12.239737056186103), (8.208208208208209, 12.268357329669026), (2.5025025025025025, 11.131732635131666), (6.806806806806807, 13.769051016774084), (1.2012012012012012, 11.167521899054607)]",1.25,3.46,11.15 - 15.49,1.29 - 12.66
C92_042,STAG2_p.M1175L,21.84,25.83,26.83,"[(29.22922922922923, 24.356496256159136), (28.52852852852853, 22.700572616608554), (27.92792792792793, 24.628605988537604), (28.12812812812813, 22.924149101597656), (21.521521521521525, 19.194385547679502), (23.323323323323326, 19.631089165422015), (21.521521521521525, 24.325371128052137), (28.22822822822823, 22.058425490792853), (24.924924924924927, 20.169034545672968), (26.126126126126128, 21.63369670457904), (28.22822822822823, 22.8296516840094), (25.425425425425427, 20.729967886186007), (28.12812812812813, 22.933103293470346), (22.022022022022025, 24.2026438746413), (26.826826826826828, 21.83744816007946), (29.72972972972973, 22.766722205571796), (28.32832832832833, 22.431972792962195), (25.625625625625627, 23.468491467053205), (20.42042042042042, 18.902182374657897)]",1.76,2.94,19.03 - 24.51,20.92 - 29.5
C92_042,"STAG2_p.M1175L, SF3B1_p.K666R",26.36,35.03,36.04,"[(31.931931931931935, 24.571112621530077), (34.53453453453454, 24.978160187638625), (32.532532532532535, 26.078029987221118), (31.931931931931935, 23.73400087219458), (30.630630630630634, 22.29204947765521), (30.930930930930934, 22.331248874445496), (27.82782782782783, 26.438847029893857), (33.533533533533536, 23.923634343500655), (29.72972972972973, 21.201566338391384), (35.53553553553554, 26.02441194456745), (35.03503503503504, 25.668160560442765), (29.72972972972973, 21.596538040926763), (33.133133133133136, 24.62091077163005), (24.024024024024026, 11.514301498456177), (36.03603603603604, 26.358800529581046), (38.03803803803804, 27.147644566472145), (28.72872872872873, 20.768544809769736), (38.03803803803804, 30.68324986761919), (30.730730730730734, 22.57898678912571)]",3.84,3.55,15.68 - 29.09,25.74 - 38.04
C92_042,"STAG2_p.M1175L, SF3B1_p.K666R, SRSF2_p.P95H",26.23,35.89,36.94,"[(33.533533533533536, 25.032103668022305), (35.43543543543544, 25.085431747048702), (38.83883883883884, 30.530863898947718), (37.33733733733734, 27.026325988741064), (38.63863863863864, 27.36605381826273), (37.83783783783784, 26.449125301040926), (37.73773773773774, 33.635978040429514), (36.73673673673674, 25.46219363450566), (34.53453453453454, 23.675101900225243), (36.83683683683684, 26.413636213708617), (39.83983983983984, 29.04622793449974), (35.43543543543544, 24.77007586400603), (38.93893893893894, 28.48872121645426), (35.03503503503504, 31.066465273998357), (36.93693693693694, 26.2276779213276), (38.73873873873874, 27.092380911941238), (33.633633633633636, 23.73541948816293), (40.84084084084084, 32.59982397801098), (39.23923923923924, 28.101487579378254)]",2.85,2.11,23.7 - 33.17,33.58 - 40.39
C92_045,DNMT3A_p.W860R,12.96,34.48,35.54,"[(43.94, 16.67), (39.04, 14.6), (39.04, 13.62), (45.05, 17.64), (35.54, 12.96), (41.84, 16.56), (40.64, 14.45), (35.04, 12.46), (38.74, 13.29), (40.34, 14.92), (30.43, 11.69), (36.14, 12.26), (35.44, 12.12), (42.14, 15.55), (39.04, 13.41), (38.44, 13.49), (40.44, 14.47), (33.83, 11.3), (44.44, 16.85), (39.74, 14.45), (43.74, 16.36), (31.63, 10.74), (38.44, 13.14), (33.93, 11.75), (43.84, 16.11)]",1.93,4.03,11.08 - 17.17,31.15 - 44.68
C92_045,DNMT3A_p.R635W,31.38,45.37,46.35,"[(38.94, 23.6), (45.35, 29.67), (41.34, 25.64), (41.24, 25.8), (46.35, 31.38), (47.85, 34.21), (43.54, 27.88), (40.64, 25.67), (37.54, 22.33), (44.14, 29.14), (44.44, 28.52), (38.14, 22.97), (42.04, 26.32), (39.94, 24.46), (36.64, 21.71), (41.24, 25.78), (42.24, 26.29), (37.74, 22.59), (41.14, 25.47), (46.85, 32.05), (40.24, 24.57), (44.44, 28.89), (40.14, 24.29), (40.94, 25.3), (42.04, 25.79)]",3.14,2.98,22.08 - 32.91,37.18 - 47.25
C92_045,"DNMT3A_p.W860R, DNMT3A_p.R635Q",38.01,57.84,58.76,"[(46.55, 19.44), (54.75, 27.24), (50.05, 23.07), (48.35, 21.56), (58.76, 38.01), (52.65, 28.45), (54.65, 30.15), (52.55, 27.33), (46.35, 18.93), (53.25, 28.71), (47.95, 17.89), (46.85, 19.74), (51.25, 24.79), (48.15, 20.94), (43.34, 16.76), (53.35, 28.05), (53.75, 28.03), (48.85, 21.43), (47.45, 20.35), (55.66, 32.87), (53.75, 28.13), (53.95, 29.21), (49.65, 22.19), (48.25, 21.22), (52.25, 25.5)]",5.17,3.65,17.44 - 34.93,45.15 - 56.9
C92_045,X,68.68,58.59,59.46,"[(61.76, 77.45), (62.16, 81.3), (62.96, 87.51), (58.96, 65.19), (59.46, 68.68), (56.26, 58.96), (63.46, 93.68), (51.75, 44.26), (65.87, 112.33), (57.36, 60.82), (63.96, 93.2), (60.46, 69.81), (62.66, 85.46), (62.46, 82.77), (65.37, 104.57), (60.26, 70.99), (65.07, 107.41), (64.26, 94.24), (63.36, 89.83), (62.36, 87.98), (62.86, 87.04), (62.36, 85.17), (65.97, 115.4), (60.26, 69.72), (69.07, 178.88)]",25.71,3.54,53.08 - 140.79,54.46 - 67.21
C92_047,DNMT3A_p.E229Kfs*87,140.83,69.62,70.37,"[(68.97, 114.51), (69.67, 127.32), (69.57, 125.54), (69.57, 124.76), (69.17, 117.9), (70.27, 140.8), (69.67, 128.5), (69.67, 127.4), (70.57, 146.87), (68.97, 114.8), (69.07, 116.26), (69.47, 122.25), (69.37, 121.27), (70.27, 142.01), (69.67, 128.26), (69.37, 121.2), (69.77, 128.9), (69.47, 123.31), (70.37, 140.83), (70.27, 137.71), (68.97, 113.01), (70.27, 142.44), (69.87, 130.89)]",9.94,0.48,113.84 - 144.43,68.97 - 70.46
C92_047,RUNX1_p.R139X,763.53,75.11,75.48,"[(75.18, 602.01), (75.38, 722.12), (75.08, 594.26), (75.48, 713.59), (75.08, 596.69), (75.18, 640.66), (75.58, 778.24), (75.08, 606.41), (75.28, 687.38), (75.58, 827.94), (75.08, 589.63), (75.28, 623.42), (75.18, 616.23), (75.28, 698.34), (75.48, 787.84), (75.58, 769.36), (75.58, 785.53), (75.18, 578.93), (75.48, 763.53), (75.58, 801.37), (75.38, 730.67), (75.58, 801.28), (75.08, 592.98)]",85.81,0.2,584.81 - 813.33,75.08 - 75.58
C92_049,"DNMT3A_p.R326C, IDH2_p.R140Q",14.21,-0.01,1.0,"[(1.0, 14.25), (1.0, 14.26), (1.0, 14.25), (1.0, 14.23), (1.0, 14.27), (1.0, 14.21), (1.0, 14.27), (1.0, 14.23), (1.0, 14.25), (1.0, 14.26), (1.0, 14.21), (1.0, 14.23), (1.0, 14.23), (1.0, 14.26), (1.0, 14.23)]",0.02,0.0,14.21 - 14.27,1.0 - 1.0
C92_050,GNB1_p.K57M,9.71,4.43,5.41,"[(21.12, 13.16), (21.82, 12.44), (5.11, 7.54), (7.01, 7.8), (3.7, 8.52), (8.11, 9.85), (7.61, 9.79), (9.61, 8.2), (12.51, 10.32), (19.92, 11.63), (16.52, 11.16), (7.21, 9.04), (17.02, 11.22), (9.81, 8.21), (4.7, 9.52), (9.51, 8.2), (13.71, 10.42), (5.41, 9.71), (11.21, 8.59), (10.41, 9.78), (16.42, 11.21), (19.52, 12.26), (14.81, 11.3), (16.42, 11.67), (9.71, 8.2)]",1.61,5.46,7.7 - 12.73,4.3 - 21.4
C92_050,X,19.86,18.6,19.62,"[(17.72, 19.11), (15.32, 16.96), (19.82, 3.02), (17.02, 7.11), (10.51, 15.17), (14.51, 17.47), (12.51, 16.88), (22.82, 5.58), (17.42, 17.81), (10.81, 15.17), (21.12, 19.14), (14.41, 16.21), (24.52, 20.59), (23.42, 2.7), (12.01, 17.09), (1.1, 5.51), (19.72, 18.36), (19.62, 19.86), (19.22, 11.94), (22.72, 19.65), (9.71, 15.57), (15.12, 17.51), (23.22, 20.97), (8.61, 15.92), (21.52, 4.48)]",5.91,5.72,2.89 - 20.74,5.61 - 23.86
C92_050,CBL_p.L380P,10.27,22.09,23.12,"[(18.42, 7.25), (13.31, 7.56), (21.92, 7.67), (20.92, 7.09), (17.92, 8.24), (17.22, 9.04), (9.51, 7.14), (17.22, 6.83), (16.32, 8.47), (22.12, 5.67), (16.42, 8.05), (15.62, 7.61), (23.42, 9.84), (18.42, 7.04), (14.31, 8.88), (30.33, 9.86), (17.92, 6.1), (23.12, 10.27), (14.41, 6.34), (16.02, 3.61), (14.61, 4.56), (17.92, 8.48), (22.82, 10.41), (12.61, 8.11), (21.42, 7.71)]",1.65,4.38,4.18 - 10.33,11.37 - 26.18
C92_050,GNB1_p.K57E,20.84,25.51,26.53,"[(24.22, 19.73), (15.62, 15.73), (1.0, 10.98), (5.31, 11.76), (8.01, 13.47), (19.52, 17.49), (21.12, 18.14), (4.7, 11.64), (15.32, 15.71), (11.31, 14.27), (18.42, 16.68), (9.71, 13.87), (19.92, 17.18), (1.0, 10.96), (20.22, 18.02), (4.2, 11.57), (16.02, 15.75), (26.53, 20.84), (8.71, 12.56), (18.92, 16.72), (14.21, 15.41), (19.22, 17.31), (26.33, 20.5), (18.02, 17.1), (6.51, 12.01)]",2.99,7.65,10.97 - 20.64,1.0 - 26.41
C92_050,"CBL_p.L380P, CBL_p.C404Y",13.86,34.37,35.44,"[(39.94, 16.42), (42.74, 18.14), (44.94, 14.15), (40.94, 12.33), (44.14, 17.08), (47.25, 22.7), (35.34, 13.14), (39.34, 11.28), (36.44, 11.52), (33.43, 12.33), (39.14, 13.69), (45.65, 19.74), (40.34, 14.2), (44.84, 13.12), (36.84, 15.69), (46.15, 17.01), (44.74, 17.1), (35.44, 13.86), (44.84, 14.28), (39.64, 15.88), (51.85, 28.15), (36.94, 13.52), (42.54, 18.91), (47.95, 23.88), (49.35, 18.03)]",4.08,4.81,11.42 - 25.59,34.58 - 50.35
C92_050,"CBL_p.L380P, CBL_p.C404Y, Z",173.37,69.82,71.07,"[(66.27, 82.27), (75.78, 47.71), (67.67, 75.02), (69.47, 103.88), (71.37, 173.0), (75.58, 79.74), (69.17, 118.56), (69.27, 102.98), (66.27, 77.19), (71.17, 172.79), (66.77, 81.55), (72.07, 50.35), (67.47, 90.11), (65.67, 59.76), (78.68, 63.6), (77.08, 28.97), (59.56, 41.54), (71.07, 173.37), (68.47, 88.86), (70.67, 149.92), (73.37, 354.1), (67.07, 86.19), (68.37, 39.34), (66.77, 32.92), (70.27, 118.28)]",68.06,4.15,31.34 - 245.66,63.23 - 77.72
C92_052,DDX41_p.D344E,247.61,63.08,63.66,"[(60.66, 107.63), (63.06, 207.66), (60.76, 106.21), (63.06, 208.84), (61.86, 141.82), (62.86, 196.61), (62.86, 175.5), (63.46, 224.79), (61.46, 128.16), (63.36, 225.41), (62.96, 194.99), (63.66, 249.97), (61.96, 149.59), (61.46, 127.5), (63.16, 204.28), (63.66, 247.61), (61.86, 131.88), (62.06, 154.74), (60.56, 102.63), (61.46, 132.24), (63.26, 204.84), (62.16, 159.53), (60.56, 107.56), (62.66, 183.3), (63.16, 215.2)]",46.42,1.01,104.78 - 248.55,60.56 - 63.66
C92_052,"DDX41_p.D344E, SRSF2_p.P95H",420.41,64.32,64.86,"[(65.07, 476.41), (64.36, 341.84), (64.66, 390.51), (64.26, 329.21), (65.67, 635.51), (64.46, 358.93), (63.96, 288.46), (63.96, 284.89), (64.86, 408.76), (64.26, 311.0), (64.16, 309.73), (64.36, 333.07), (64.76, 406.1), (64.56, 384.12), (64.06, 308.32), (64.86, 420.41), (64.06, 299.7), (65.47, 626.38), (64.36, 344.92), (64.96, 429.44), (63.96, 288.79), (65.07, 476.95), (64.86, 431.33), (64.86, 426.95), (64.46, 351.43)]",93.53,0.47,287.03 - 630.03,63.96 - 65.55
C92_053,JAK2_p.V617F,20.27,10.15,11.11,"[(1.2, 16.64), (12.11, 20.79), (21.72, 25.16), (14.31, 21.45), (13.71, 21.84), (20.22, 24.68), (3.3, 18.26), (11.51, 20.68), (14.81, 22.38), (9.31, 19.47), (11.71, 20.97), (22.32, 25.82), (21.12, 25.09), (14.61, 21.98), (11.31, 20.62), (16.22, 22.52), (10.71, 20.2), (11.11, 20.27), (12.21, 20.91), (15.32, 21.9), (18.82, 23.79), (11.11, 20.29)]",2.27,5.34,17.49 - 25.47,2.3 - 22.0
C92_053,"JAK2_p.V617F, TET2_p.Q1903X",20.45,21.46,22.42,"[(31.03, 24.86), (38.94, 33.29), (29.53, 24.35), (36.34, 30.05), (39.04, 33.93), (36.74, 31.07), (40.54, 36.26), (37.34, 31.49), (36.54, 31.14), (32.13, 26.38), (31.93, 26.98), (38.24, 32.53), (38.64, 33.03), (41.04, 36.22), (34.43, 28.77), (39.34, 33.66), (39.64, 34.06), (22.42, 20.45), (44.64, 41.71), (41.94, 37.13), (37.14, 31.2), (21.22, 19.91)]",5.36,5.84,20.19 - 39.31,21.85 - 43.22
C92_053,"JAK2_p.V617F, TET2_p.Q1537X",21.9,24.24,25.23,"[(31.43, 25.08), (34.73, 28.82), (32.93, 26.92), (32.53, 26.64), (32.43, 27.4), (34.83, 29.03), (42.04, 38.08), (38.24, 32.35), (24.02, 21.93), (32.93, 26.82), (31.93, 26.86), (35.94, 29.93), (35.24, 29.35), (38.14, 32.55), (37.34, 31.4), (32.33, 26.64), (39.94, 34.18), (25.23, 21.9), (34.23, 28.32), (31.23, 25.68), (29.13, 24.4), (30.33, 25.09)]",3.87,4.31,21.92 - 36.03,24.66 - 40.94
C92_053,"JAK2_p.V617F, ASXL1_p.K909X",30.98,43.89,44.94,"[(37.54, 21.46), (41.94, 27.78), (40.74, 25.8), (32.23, 19.18), (38.94, 25.45), (39.54, 25.54), (44.34, 31.95), (43.84, 30.3), (41.14, 27.7), (41.34, 26.41), (33.13, 20.82), (39.84, 25.62), (46.15, 33.59), (42.74, 28.91), (37.24, 23.3), (42.94, 28.75), (38.84, 24.39), (44.94, 30.98), (43.34, 29.39), (41.44, 26.58), (39.94, 25.56), (42.04, 27.71)]",3.57,3.46,20.04 - 32.73,32.7 - 45.51
C92_053,"JAK2_p.V617F, TET2_p.Q1903X, TP53_p.G244S",29.4,58.1,60.06,"[(61.56, 58.84), (59.76, 63.86), (61.26, 84.67), (60.56, 64.6), (56.66, 41.45), (62.76, 69.56), (60.06, 44.59), (60.46, 56.81), (58.06, 60.67), (61.86, 75.16), (61.86, 36.28), (58.36, 43.03), (59.76, 35.34), (61.66, 91.7), (57.56, 47.72), (62.66, 64.64), (59.86, 58.18), (60.06, 29.4), (62.36, 70.79), (59.66, 60.48), (60.46, 62.81), (50.35, 23.31)]",17.38,2.68,26.51 - 88.01,53.66 - 62.71
C92_053,"JAK2_p.V617F, TET2_p.Q1903X, TP53_p.G244S, TP53_p.N239*",129.88,61.12,62.56,"[(62.06, 120.11), (62.46, 130.21), (62.96, 138.48), (62.76, 133.67), (62.26, 128.38), (62.66, 135.98), (62.16, 125.66), (62.16, 126.29), (62.76, 135.53), (62.66, 130.82), (62.36, 129.6), (62.56, 134.03), (62.66, 135.02), (62.76, 135.06), (62.46, 130.95), (62.56, 132.65), (62.36, 128.2), (62.56, 129.88), (62.36, 128.8), (62.66, 134.03), (62.46, 129.88), (62.96, 135.42)]",4.22,0.25,123.02 - 137.17,62.11 - 62.96
C92_054,DNMT3A_p.R882C,12.85,0.02,1.0,"[(1.001001001001001, 12.846534610231746), (3.2032032032032034, 13.355834511117969), (1.001001001001001, 12.849217507445903), (1.001001001001001, 12.82618331864824), (2.702702702702703, 13.191292191096588), (1.001001001001001, 12.851456601113249), (1.001001001001001, 12.833581502521804), (1.001001001001001, 12.860114825970037), (1.1011011011011012, 12.858696904936842), (1.001001001001001, 12.822646832036295), (1.6016016016016017, 12.975281421432019), (3.4034034034034035, 13.337805836703359), (1.2012012012012012, 12.889138696068821), (1.1011011011011012, 12.864985180816518), (1.001001001001001, 12.85154136891758), (0.9009009009009009, 12.856076630389653), (1.001001001001001, 12.83836783678351), (3.3033033033033035, 13.33127551820143), (1.001001001001001, 12.841429940533683), (1.1011011011011012, 12.860168661824636), (1.001001001001001, 12.857596134450949), (1.001001001001001, 12.8638778721328), (1.1011011011011012, 12.871720001384904), (3.1031031031031033, 13.299058254830914)]",0.19,0.88,12.82 - 13.35,0.96 - 3.35
C92_054,"DNMT3A_p.R882C, RUNX1_p.A443T",412.75,69.33,69.97,"[(69.96996996996998, 412.7458330950565), (70.07007007007007, 420.93342402627104), (69.96996996996998, 412.08477919189994), (68.76876876876878, 274.7614361407524), (69.56956956956958, 350.73633164798485), (68.46846846846847, 250.80447158624298), (70.57057057057058, 547.2650244383094), (68.86886886886887, 284.5598078158447), (70.67067067067067, 598.0437288769526), (69.66966966966967, 367.02284132423233), (68.76876876876878, 271.6502110705415), (69.86986986986987, 401.1787265331324), (69.46946946946947, 343.2846459176552), (69.26926926926927, 312.59482920134354), (70.07007007007007, 438.9684828697143), (68.36836836836838, 249.96229165058156), (68.66866866866867, 273.94786808496724), (68.76876876876878, 271.1997601937598), (68.36836836836838, 242.45801070679528), (69.46946946946947, 341.02144318095964), (69.86986986986987, 382.2797948332588), (69.76976976976978, 372.0993478040009), (68.96896896896898, 293.86247007861107), (70.47047047047047, 553.0129964766036)]",99.57,0.71,246.77 - 572.15,68.37 - 70.61
C92_055,NPM1_p.W288Cfs*12,20.4,32.84,33.83,"[(41.74, 40.13), (16.12, 8.39), (33.83, 20.4), (15.42, 8.14), (25.53, 12.57), (29.23, 15.33), (9.71, 6.71), (11.91, 7.22), (35.24, 22.49), (19.22, 9.56), (17.12, 8.8), (25.53, 12.62), (34.83, 22.0), (30.13, 16.28), (15.02, 8.04), (5.91, 5.94), (30.33, 16.2), (5.51, 5.82), (7.11, 6.14), (6.21, 5.98), (32.43, 18.55), (34.63, 21.78), (6.11, 5.92), (29.43, 15.58), (14.01, 7.79)]",8.04,11.41,5.88 - 29.55,5.75 - 37.84
C92_056,DNMT3A_p.R882H,16.88,7.03,8.01,"[(12.512512512512513, 17.341927683159376), (23.123123123123126, 25.888214368435204), (8.008008008008009, 16.88227308477), (12.712712712712714, 18.911648673059386), (12.912912912912914, 19.749886872894955), (20.32032032032032, 19.30450342855387)]",3.24,5.64,16.94 - 25.12,8.57 - 22.77
C92_056,"DNMT3A_p.R882H, chr4q_CNLOH",42.38,38.42,39.34,"[(40.34034034034034, 42.63904765972704), (29.72972972972973, 34.97075202672726), (39.33933933933934, 42.378473477228525), (46.24624624624625, 55.74867027719801), (27.127127127127128, 31.35230461984114), (30.130130130130134, 30.758684627234945)]",9.44,7.56,30.83 - 54.11,27.45 - 45.51
C92_056,"DNMT3A_p.R882H, chr4q_CNLOH, KRAS_p.Y64D",42.38,39.43,40.34,"[(41.24124124124124, 42.474699685798), (41.74174174174174, 48.970908645289306), (40.34034034034034, 42.38104240988434), (46.24624624624625, 54.09512065400573), (43.54354354354355, 49.630287399803045), (43.14314314314315, 44.603140305737234)]",4.66,2.1,42.39 - 53.54,40.45 - 45.91
C92_056,"DNMT3A_p.R882H, chr4q_CNLOH, MPL_p.W515G",46.59,52.91,53.95,"[(60.86086086086087, 76.09318868704067), (58.55855855855856, 72.97022496458516), (53.953953953953956, 46.58825402614052), (59.05905905905906, 67.63109332665516), (50.150150150150154, 41.29957285371361), (52.852852852852855, 40.20106141528789)]",16.54,4.19,40.34 - 75.7,50.49 - 60.64
C92_056,"DNMT3A_p.R882H, chr4q_CNLOH, MPL_p.Y631Nfs*52",128.72,61.41,62.66,"[(61.66166166166167, 116.08068794951203), (61.46146146146147, 121.56163901553512), (62.66266266266267, 128.7221231405896), (63.46346346346347, 145.79856814192644), (64.36436436436436, 152.4366875944856), (62.86286286286287, 126.31257320202558)]",14.24,1.09,116.77 - 151.61,61.49 - 64.25
C92_056,"DNMT3A_p.R882H, chr4q_CNLOH, MPL_p.Y631Nfs*52, EZH2_p.S690W",196.0,66.21,67.97,"[(69.96996996996998, 279.1393853026352), (68.86886886886887, 228.88776230108778), (67.96796796796797, 195.99992959662873), (68.46846846846847, 226.37342161364953), (68.96896896896898, 231.1994216238348), (67.86786786786787, 185.3579896132367)]",32.86,0.77,186.69 - 273.15,67.88 - 69.84
C92_057,MPL_p.L604Q,8.65,0.39,1.4,"[(9.11, 7.68), (1.4, 8.65), (12.51, 9.71), (8.01, 8.66), (11.11, 9.84), (11.11, 9.14), (5.01, 7.58), (8.01, 10.21), (8.71, 8.77), (8.91, 11.1), (9.41, 8.83), (17.12, 12.61), (12.41, 10.47), (13.61, 10.97), (15.22, 11.18), (12.61, 9.59), (9.61, 8.02), (10.31, 8.11), (12.91, 10.81), (19.12, 12.79), (8.71, 10.08), (8.01, 8.46), (12.01, 9.51), (10.01, 8.84)]",1.42,3.7,7.64 - 12.69,3.48 - 17.97
C92_057,X,20.96,13.11,14.11,"[(27.43, 23.83), (14.11, 20.96), (17.32, 21.07), (9.51, 17.84), (17.42, 21.72), (16.02, 20.21), (18.02, 20.19), (10.31, 19.96), (17.12, 20.71), (5.01, 18.87), (16.92, 20.59), (13.71, 21.54), (8.01, 18.51), (7.01, 18.43), (15.62, 21.44), (17.32, 20.93), (22.92, 21.95), (23.42, 22.08), (13.61, 20.78), (10.01, 19.77), (8.51, 19.04), (16.82, 20.3), (13.51, 19.41), (14.81, 19.56)]",1.37,5.37,18.18 - 22.82,6.16 - 25.12
C92_057,DNMT3A_p.V636M,17.18,19.62,20.62,"[(8.41, 11.2), (20.62, 17.18), (17.12, 14.92), (6.01, 11.76), (20.52, 16.55), (13.91, 13.65), (7.81, 11.58), (18.32, 16.84), (15.22, 14.06), (14.61, 16.3), (14.81, 13.88), (21.72, 18.47), (12.61, 14.29), (12.21, 14.43), (20.72, 17.09), (16.32, 14.48), (8.21, 11.4), (7.81, 11.28), (19.22, 16.71), (16.62, 16.09), (15.12, 15.45), (13.01, 13.25), (11.91, 13.28), (10.61, 12.65)]",2.14,4.6,11.25 - 17.73,7.04 - 21.14
C92_058,ASXL1_p.D1057G,4.76,0.0,1.0,"[(1.0, 4.76), (1.0, 4.77), (1.1, 4.77), (1.0, 4.77), (1.1, 4.77), (1.0, 4.76), (1.0, 4.76), (1.0, 4.77), (1.1, 4.76), (1.1, 4.77), (0.9, 4.76), (1.0, 4.76), (1.2, 4.78), (1.1, 4.76), (1.0, 4.77), (1.0, 4.79), (1.0, 4.77), (1.0, 4.77), (1.0, 4.76), (1.1, 4.76), (1.0, 4.77)]",0.01,0.07,4.76 - 4.78,0.95 - 1.15
C92_061,BCOR_p.V878I,20.86,1.65,2.6,"[(20.42, 30.08), (7.71, 23.02), (13.11, 26.17), (16.92, 27.79), (25.23, 34.25), (14.71, 26.45), (13.41, 25.86), (19.12, 29.31), (17.12, 27.85), (11.01, 24.61), (21.82, 31.09), (15.82, 26.77), (18.32, 28.37), (21.02, 30.61), (29.43, 38.57), (16.22, 27.22), (25.93, 34.76), (10.91, 24.6), (9.11, 23.71), (2.6, 20.86), (27.33, 36.11), (12.11, 25.09)]",4.48,6.74,21.99 - 37.28,5.28 - 28.33
C92_061,"BCOR_p.V878I, TP53_p.A189Pfs*58",18.41,1.61,2.6,"[(24.42, 29.52), (24.32, 29.23), (19.32, 26.46), (26.83, 31.45), (27.83, 32.52), (23.42, 28.57), (16.32, 24.25), (24.62, 29.64), (19.92, 26.15), (20.32, 26.55), (24.92, 29.95), (17.82, 24.64), (27.33, 31.36), (26.83, 31.52), (32.73, 37.92), (19.32, 25.75), (28.43, 33.07), (22.12, 27.8), (21.32, 27.25), (2.6, 18.41), (29.23, 33.81), (24.62, 29.41)]",4.03,6.1,21.48 - 35.76,9.8 - 30.89
C92_061,ASXL1_p.E537X,18.46,13.19,14.21,"[(1.5, 14.71), (7.81, 16.34), (10.21, 17.74), (9.31, 16.95), (3.6, 15.4), (2.2, 14.77), (10.71, 17.4), (4.2, 15.37), (1.8, 14.65), (6.11, 15.98), (9.71, 17.17), (2.4, 14.6), (10.31, 16.94), (2.9, 15.1), (15.02, 19.36), (9.41, 16.81), (6.31, 16.12), (4.3, 15.43), (5.81, 15.86), (14.21, 18.46), (13.51, 18.54), (9.51, 16.91)]",1.36,4.17,14.63 - 18.93,1.66 - 14.59
C92_061,TET2_p.R1261C,25.44,33.52,34.53,"[(46.75, 44.81), (36.44, 27.36), (43.44, 38.63), (47.15, 45.69), (43.74, 39.09), (41.64, 34.16), (46.35, 43.44), (43.14, 37.19), (40.74, 32.92), (28.43, 21.16), (45.45, 41.57), (34.83, 25.42), (29.23, 21.15), (41.24, 34.25), (49.85, 55.57), (36.84, 27.9), (45.75, 42.8), (33.73, 24.94), (36.34, 27.79), (34.53, 25.44), (41.54, 34.9), (48.95, 49.68)]",9.49,6.13,21.16 - 52.48,28.85 - 49.38
C92_062,DNMT3A_p.G685R,7.29,14.98,16.02,"[(14.414414414414415, 8.629761288515999), (19.21921921921922, 12.784493494683769), (14.314314314314315, 6.600905738852656), (17.017017017017018, 9.094908669584328), (20.42042042042042, 11.533263110479487), (12.112112112112113, 8.23361957909092), (10.910910910910912, 4.943364204273401), (15.015015015015017, 11.77765459998826), (19.31931931931932, 9.150680118387715), (13.513513513513514, 7.019531484641685), (7.407407407407407, 10.393639185979234), (19.91991991991992, 12.713947711735289), (16.016016016016017, 7.2850251269145865), (17.31731731731732, 4.853562639911795), (13.313313313313314, 4.869614691814331), (22.222222222222225, 12.969921221531477), (18.41841841841842, 28.241229382430653), (24.924924924924927, 15.694168012924578), (17.217217217217218, 2.6655318979085374), (3.8038038038038042, 8.159875229345365), (26.426426426426428, 5.117866095463979), (15.015015015015017, 11.130459412594492), (14.214214214214214, 10.300785313660633), (3.6036036036036037, 4.047496497647506)]",5.19,5.64,3.46 - 21.03,3.72 - 25.56
C92_062,"DNMT3A_p.G685R, TET2_p.Y1766*",29.37,25.49,26.43,"[(40.84084084084084, 47.09085230193545), (32.932932932932935, 35.52734787739276), (46.74674674674675, 61.91291966799678), (31.431431431431434, 33.70516116910508), (32.832832832832835, 35.42865166436858), (38.03803803803804, 42.045499434302855), (39.93993993993994, 45.04752672048213), (24.224224224224226, 27.905762466436645), (38.43843843843844, 42.76075015771663), (30.630630630630634, 33.00032554418648), (29.72972972972973, 32.42685687399), (35.03503503503504, 38.03989952644947), (26.426426426426428, 29.37270874457244), (40.74074074074074, 46.691751872836555), (39.83983983983984, 45.16668812287219), (45.64564564564565, 58.25829249440132), (38.73873873873874, 64.35116359299943), (34.83483483483484, 37.93934385662075), (30.730730730730734, 33.20978835122717), (37.63763763763764, 41.433239534121014), (47.24724724724725, 63.61879205331016), (37.33733733733734, 41.32284261078793), (36.13613613613614, 39.46567238345296), (42.54254254254254, 50.57766371228583)]",10.54,6.03,28.75 - 63.93,25.49 - 46.96
C92_062,"DNMT3A_p.G685R, TET2_p.Y1766*, chr4q_CNLOH",59.07,41.88,42.74,"[(47.64764764764765, 74.8788327778641), (44.74474474474475, 64.83309538152965), (50.550550550550554, 88.96669481509436), (44.24424424424425, 62.91598642688624), (44.74474474474475, 64.84261311042981), (46.44644644644645, 70.2974502115569), (47.14714714714715, 73.106212118197), (42.24224224224224, 58.1259978336041), (46.64664664664665, 71.19295922738307), (43.84384384384385, 62.49322199335078), (43.74374374374375, 62.276787193661), (45.34534534534535, 66.96163194107447), (42.74274274274275, 59.069415763861635), (47.64764764764765, 74.74833232228913), (47.24724724724725, 73.16348058714176), (49.94994994994995, 85.51879070617943), (46.44644644644645, 97.66384093984676), (45.34534534534535, 66.86639365618397), (44.04404404404405, 62.76236337606925), (46.24624624624625, 69.62225573451374), (50.950950950950954, 91.21880089316005), (46.34634634634635, 70.00189138394849), (45.74574574574575, 68.07123626620918), (48.34834834834835, 78.44436521477307)]",10.32,2.29,58.67 - 93.96,42.53 - 50.72
C92_064,DNMT3A_p.R882C,11.49,13.47,14.51,"[(11.41, 10.85), (12.21, 11.14), (10.01, 10.46), (14.41, 12.23), (9.11, 10.9), (15.32, 11.62), (11.01, 10.55), (9.61, 10.41), (11.91, 10.93), (14.51, 11.49), (15.62, 11.42), (14.11, 11.35), (15.92, 11.85), (12.11, 11.2), (11.71, 10.77), (9.21, 10.23), (10.61, 10.75), (13.61, 11.16), (14.81, 12.06), (14.41, 11.42), (15.52, 11.56), (17.52, 12.13), (13.41, 11.28)]",0.56,2.39,10.33 - 12.18,9.17 - 16.64
C92_064,DNMT3A_p.R736C,71.03,57.62,58.46,"[(57.76, 66.15), (58.56, 72.84), (57.06, 61.52), (55.46, 56.0), (55.86, 57.29), (55.26, 51.98), (54.55, 48.56), (55.76, 54.18), (55.36, 52.85), (58.46, 71.03), (54.75, 48.82), (57.16, 62.2), (53.35, 44.8), (57.86, 67.64), (52.45, 41.85), (57.46, 63.36), (55.46, 53.2), (53.45, 44.56), (56.56, 60.45), (57.16, 61.19), (55.66, 52.87), (56.36, 56.28), (57.06, 61.22)]",8.35,1.63,43.34 - 71.84,52.94 - 58.5
C92_064,X,198.67,62.53,63.16,"[(62.56, 175.92), (62.26, 170.35), (62.76, 183.24), (58.26, 108.98), (58.76, 113.6), (62.96, 188.6), (63.26, 196.41), (62.26, 167.31), (62.26, 169.48), (63.16, 198.67), (64.26, 237.68), (62.86, 183.27), (62.16, 166.19), (61.16, 149.47), (62.56, 173.99), (62.96, 183.81), (61.46, 151.82), (62.96, 187.75), (59.96, 128.76), (63.16, 192.98), (63.66, 208.39), (63.56, 210.4), (62.46, 176.38)]",30.04,1.48,111.52 - 222.68,58.54 - 63.93
C92_064,"X, CEBPA_p.A170V",254.82,65.12,65.77,"[(67.07, 385.12), (66.77, 353.6), (66.37, 305.85), (65.27, 224.61), (66.07, 281.53), (67.17, 410.52), (64.96, 202.72), (64.96, 203.49), (66.37, 299.95), (65.77, 254.82), (65.97, 258.07), (65.97, 269.43), (65.87, 257.66), (65.17, 216.89), (64.36, 177.78), (67.07, 393.61), (65.47, 225.35), (66.07, 270.87), (65.57, 237.5), (66.27, 296.33), (66.67, 341.73), (65.57, 238.31), (64.76, 195.27)]",65.91,0.77,187.4 - 401.22,64.58 - 67.11
C92_065,DNMT3A_p.Y365H,11.01,17.33,18.32,"[(19.32, 11.22), (16.42, 10.53), (17.62, 10.79), (17.62, 10.83), (16.42, 10.53), (15.02, 10.23), (17.42, 10.76), (18.92, 11.13), (18.32, 11.01), (17.32, 10.76), (16.92, 10.65), (17.62, 10.78), (19.52, 11.29), (17.32, 10.72), (19.42, 11.27), (17.52, 10.79), (17.92, 10.89), (15.62, 10.33), (14.91, 10.18), (17.72, 10.84), (14.71, 10.12), (16.92, 10.63), (18.02, 10.94), (19.02, 11.15), (17.52, 10.76)]",0.32,1.35,10.16 - 11.28,14.83 - 19.46
C92_066,DNMT3A_p.M779Ifs*14,15.82,0.55,1.5,"[(8.51, 17.92), (28.53, 28.47), (7.61, 17.65), (13.31, 19.64), (11.41, 18.96), (5.21, 16.84), (10.41, 18.51), (7.41, 17.52), (14.81, 20.3), (31.03, 30.63), (25.13, 25.95), (10.21, 18.53), (2.0, 15.92), (1.5, 15.82), (4.3, 16.63), (10.81, 18.74), (9.61, 18.36), (5.91, 17.06), (3.6, 16.39), (13.51, 19.79), (7.71, 17.63), (24.02, 25.19), (12.81, 19.49), (2.2, 15.99), (11.71, 19.07)]",3.91,8.05,15.88 - 29.33,1.8 - 29.53
C92_066,TP53_p.L111Q,16.15,2.86,3.8,"[(5.71, 16.68), (5.61, 16.65), (1.7, 15.54), (6.51, 16.92), (1.7, 15.52), (8.81, 17.67), (2.4, 15.76), (5.11, 16.51), (3.0, 15.92), (4.2, 16.28), (5.11, 16.49), (3.7, 16.1), (1.2, 15.43), (3.8, 16.15), (5.91, 16.74), (5.81, 16.71), (5.51, 16.64), (4.0, 16.16), (3.8, 16.16), (6.41, 16.92), (3.9, 16.17), (2.7, 15.8), (7.91, 17.37), (8.81, 17.71), (2.9, 15.93)]",0.62,2.1,15.48 - 17.69,1.5 - 8.81
C92_067,TP53_p.C238Y,11.73,6.12,7.11,"[(9.91, 8.23), (14.11, 12.61), (10.51, 8.28), (10.81, 8.31), (10.61, 8.76), (13.21, 12.47), (13.61, 13.17), (10.81, 8.32), (11.71, 9.76), (15.52, 9.2), (13.51, 12.51), (9.91, 11.51), (9.71, 11.04), (7.11, 11.73), (11.91, 8.57), (8.51, 10.16), (12.71, 12.17), (15.12, 10.36), (14.71, 9.07), (6.21, 7.64), (15.32, 9.12), (16.82, 9.47), (12.71, 8.72), (9.41, 8.12), (14.11, 12.81)]",1.79,2.72,7.93 - 12.95,6.75 - 16.04
C92_067,X,21.42,15.06,16.02,"[(17.92, 8.03), (14.21, 19.82), (11.11, 6.03), (21.12, 7.5), (15.52, 14.7), (19.72, 22.15), (15.32, 21.01), (16.62, 6.92), (9.21, 15.08), (16.82, 5.11), (7.31, 17.53), (17.62, 21.03), (11.91, 18.39), (16.02, 21.42), (15.72, 9.54), (20.12, 20.42), (10.61, 18.45), (12.71, 15.9), (16.22, 7.89), (12.61, 4.82), (18.82, 7.03), (12.71, 7.87), (18.42, 11.37), (24.32, 5.64), (15.82, 20.73)]",6.33,3.93,4.99 - 21.71,8.45 - 22.4
C92_067,TET2_p.R1516X,14.28,16.82,17.82,"[(14.41, 8.79), (16.92, 13.12), (14.51, 8.78), (13.61, 8.66), (17.02, 9.84), (12.41, 12.08), (17.72, 14.07), (10.21, 8.05), (15.72, 10.35), (16.62, 9.19), (18.42, 13.57), (7.71, 10.89), (13.11, 11.6), (17.82, 14.28), (18.12, 9.55), (11.71, 10.55), (8.71, 11.11), (15.92, 10.36), (11.51, 8.26), (7.21, 7.59), (14.21, 8.75), (20.72, 10.11), (16.22, 9.18), (10.11, 8.02), (13.31, 12.45)]",1.98,3.56,7.85 - 14.15,7.51 - 19.34
C92_067,"X, DNMT3A_p.Q692X",42.31,51.73,52.75,"[(53.95, 31.8), (48.45, 31.79), (56.16, 36.94), (55.06, 33.99), (55.26, 36.21), (49.45, 33.74), (48.45, 33.44), (52.55, 29.09), (54.55, 37.12), (56.86, 38.69), (46.75, 29.56), (56.16, 49.1), (50.45, 33.91), (52.75, 42.31), (57.36, 40.32), (55.76, 43.97), (54.95, 45.27), (52.15, 31.76), (53.35, 30.29), (50.85, 26.07), (57.16, 39.81), (56.16, 36.71), (53.15, 30.31), (55.16, 34.37), (52.95, 41.09)]",5.62,2.96,27.88 - 46.8,47.77 - 57.24
C92_068,CBL_p.D460_E461insD,20.35,3.23,4.2,"[(9.91, 22.82), (3.9, 20.28), (8.71, 22.18), (6.31, 21.21), (8.11, 21.97), (12.61, 24.02), (4.8, 20.59), (12.01, 23.76), (10.91, 23.21), (4.2, 20.35), (2.2, 19.69), (11.01, 23.31), (9.11, 22.38), (1.5, 19.4), (3.7, 20.23), (5.61, 21.01), (0.9, 19.26), (12.41, 23.94), (6.81, 21.41), (11.41, 23.44), (4.9, 20.65), (13.01, 24.25), (8.31, 22.05), (3.4, 20.11), (0.9, 19.25)]",1.63,3.94,19.26 - 24.11,0.9 - 12.77
C92_068,TET2_p.S675X,23.36,25.09,26.03,"[(27.03, 24.08), (15.72, 17.86), (14.21, 17.27), (18.42, 19.09), (20.32, 20.03), (26.13, 23.48), (21.12, 20.47), (18.52, 19.12), (22.82, 21.4), (26.03, 23.36), (19.12, 19.45), (31.13, 27.5), (15.82, 17.87), (23.82, 21.88), (21.22, 20.47), (24.72, 22.52), (14.41, 17.38), (17.42, 18.58), (23.72, 21.87), (22.42, 21.23), (20.92, 20.35), (17.72, 18.84), (27.03, 24.06), (9.61, 15.66), (14.11, 17.22)]",2.74,5.07,16.6 - 25.45,12.31 - 28.67
C92_070,TP53_p.Y234C,5.29,0.29,1.3,"[(8.01, 5.11), (1.0, 4.33), (3.9, 4.63), (6.61, 5.93), (1.1, 4.34), (6.11, 4.87), (1.1, 4.34), (1.1, 4.34), (9.51, 6.34), (1.1, 4.33), (1.0, 4.33), (1.1, 4.33), (1.0, 4.34), (1.1, 4.34), (1.0, 4.34), (12.21, 6.76), (6.61, 5.94), (1.1, 4.33), (1.1, 4.33), (5.91, 5.86), (4.6, 5.67), (1.1, 4.33), (1.3, 5.29), (7.31, 4.99)]",0.77,3.37,4.33 - 6.52,1.0 - 10.66
C92_072,STAG2_p.R246X,357.11,69.7,70.27,"[(70.17, 333.32), (69.87, 293.49), (69.87, 295.19), (69.77, 290.2), (70.77, 492.77), (69.47, 258.73), (70.27, 360.18), (70.07, 338.94), (70.77, 469.02), (69.77, 290.4), (70.17, 356.79), (69.37, 250.02), (70.47, 410.87), (69.37, 248.39), (70.27, 357.11), (69.67, 284.37), (69.57, 262.51), (70.07, 321.95), (69.47, 257.14), (69.87, 293.89), (70.67, 427.07), (69.67, 279.31), (69.87, 296.27), (69.77, 291.83), (69.87, 296.77)]",66.51,0.41,249.37 - 478.52,69.37 - 70.77
C92_086,DNMT3A_p.R882H,13.14,0.23,1.2,"[(1.0, 13.08), (6.81, 14.66), (4.9, 14.08), (1.1, 13.07), (1.5, 13.18), (4.2, 13.9), (2.3, 13.43), (2.4, 13.43), (3.0, 13.57), (1.1, 13.11), (1.0, 13.06), (1.0, 13.09), (2.8, 13.52), (1.2, 13.14), (3.0, 13.58), (3.1, 13.64), (1.1, 13.08), (1.0, 13.08), (4.9, 14.12), (1.8, 13.28), (3.5, 13.69), (6.21, 14.46), (1.0, 13.1), (4.7, 14.04)]",0.47,1.78,13.07 - 14.54,1.0 - 6.46
C92_086,"DNMT3A_p.R882H, TET2_p.Y1560*",34.95,48.29,49.25,"[(52.65, 48.56), (54.25, 57.91), (53.45, 54.58), (51.85, 46.21), (52.95, 52.2), (54.55, 59.73), (49.25, 15.57), (51.25, 44.72), (54.45, 61.34), (53.85, 56.57), (54.45, 58.46), (53.45, 54.4), (52.85, 50.35), (49.25, 34.95), (55.36, 64.58), (51.65, 45.27), (51.95, 46.95), (48.25, 33.69), (52.95, 51.24), (53.55, 53.08), (52.55, 49.76), (49.85, 38.98), (52.05, 48.26), (52.15, 43.65)]",10.54,1.84,25.99 - 62.72,48.82 - 54.89
C92_086,JAK2_p.V617F,58.84,51.69,52.65,"[(52.65, 58.84), (52.95, 61.6), (53.05, 61.94), (52.35, 57.12), (52.65, 59.71), (52.75, 59.45), (52.65, 59.34), (53.65, 64.71), (53.25, 62.86), (52.85, 60.73), (53.05, 61.73), (52.85, 59.78), (52.65, 59.76), (52.65, 58.84), (52.75, 59.75), (52.45, 57.47), (52.75, 60.39), (52.65, 59.42), (52.65, 60.02), (52.65, 59.65), (52.75, 60.38), (52.45, 58.14), (52.75, 59.83), (52.65, 59.13)]",1.66,0.27,57.32 - 63.65,52.41 - 53.42
C92_086,"DNMT3A_p.R882H, TET2_p.Y1560*, TET2_p.Q958Tfs*14",96.38,57.24,58.16,"[(58.06, 94.84), (57.96, 93.62), (58.66, 102.97), (58.86, 105.32), (59.76, 119.02), (58.06, 95.0), (57.16, 88.21), (60.76, 137.49), (60.66, 133.22), (59.56, 113.71), (58.06, 96.0), (59.66, 116.02), (58.86, 105.48), (58.16, 96.38), (57.96, 93.37), (58.76, 103.91), (59.36, 113.07), (59.76, 118.4), (59.16, 109.22), (58.06, 94.61), (59.46, 113.68), (60.26, 126.45), (60.46, 129.0), (57.46, 89.55)]",14.27,1.03,88.98 - 135.03,57.33 - 60.7
C92_090,DNMT3A_p.L373R,9.31,0.97,2.0,"[(1.0, 7.65), (3.1, 9.74), (0.9, 7.65), (1.1, 7.71), (1.1, 7.65), (2.7, 8.01), (1.0, 7.63), (1.0, 7.62), (1.0, 7.67), (1.0, 7.69), (1.0, 7.66), (1.0, 7.65), (6.21, 10.54), (3.2, 9.54), (1.0, 7.64), (2.0, 9.31), (1.0, 9.07), (1.0, 7.65), (1.1, 9.15), (1.7, 9.13), (1.0, 7.67), (6.31, 10.43)]",1.01,1.6,7.63 - 10.48,0.95 - 6.26
C92_090,DNMT3A_p.R882C,13.56,7.64,8.61,"[(0.9, 10.04), (5.11, 12.68), (1.0, 10.06), (1.0, 10.07), (1.0, 10.06), (1.0, 10.06), (1.0, 10.05), (1.1, 10.05), (1.1, 10.04), (1.1, 10.05), (1.0, 10.05), (1.1, 10.08), (7.91, 13.57), (6.51, 12.85), (1.0, 10.07), (8.61, 13.56), (4.5, 12.27), (1.0, 10.04), (6.41, 12.94), (1.9, 11.49), (1.0, 10.06), (10.21, 14.24)]",1.51,3.04,10.04 - 13.89,0.95 - 9.37
C92_090,X,24.42,16.82,17.82,"[(14.11, 6.38), (4.9, 18.38), (9.91, 4.47), (20.62, 13.44), (12.71, 9.22), (15.92, 5.14), (8.21, 5.57), (19.52, 8.42), (24.22, 7.13), (13.81, 8.48), (12.71, 8.69), (11.61, 6.32), (9.01, 20.18), (12.21, 21.06), (16.42, 7.65), (17.82, 24.42), (3.0, 17.32), (16.82, 7.45), (7.01, 18.98), (2.2, 16.78), (17.92, 8.48), (17.92, 24.91)]",6.69,5.79,4.82 - 24.65,2.62 - 22.33
C92_090,DNMT3A_p.P904L,24.58,31.69,32.63,"[(31.63, 20.31), (33.13, 25.45), (35.24, 23.9), (31.83, 20.49), (31.73, 20.44), (29.03, 18.12), (26.53, 16.51), (30.03, 18.92), (34.13, 22.71), (29.23, 18.32), (29.63, 18.67), (26.23, 16.32), (32.23, 24.59), (31.03, 22.82), (31.53, 20.23), (32.63, 24.58), (28.93, 20.95), (33.33, 21.78), (31.43, 23.36), (32.63, 24.13), (29.33, 18.47), (34.43, 27.02)]",2.98,2.36,16.42 - 26.2,26.39 - 34.81
C92_090,DNMT3A_p.R803K,34.77,39.69,40.64,"[(40.34, 29.35), (39.94, 33.87), (40.44, 29.5), (40.64, 29.85), (40.34, 29.35), (38.84, 26.82), (39.64, 28.06), (41.14, 30.7), (41.54, 31.35), (38.54, 26.4), (39.64, 28.1), (38.44, 26.16), (40.24, 34.45), (40.74, 34.39), (39.84, 28.45), (40.64, 34.77), (39.74, 32.64), (41.74, 31.87), (40.34, 34.19), (39.44, 31.44), (41.74, 31.95), (41.14, 36.31)]",2.96,0.94,26.29 - 35.5,38.49 - 41.74
CNTRL_001,DNMT3A_p.G699D,6.7,0.04,1.1,"[(1.0, 6.7), (1.0, 6.7), (1.0, 6.7), (1.0, 6.71), (1.0, 6.7), (1.0, 6.7), (1.0, 6.71), (1.0, 6.7), (1.0, 6.7), (1.0, 6.71), (1.0, 6.7), (1.0, 6.7), (1.0, 6.71), (1.0, 6.69), (1.0, 6.69), (1.0, 6.7), (1.1, 6.7), (1.0, 6.7), (0.9, 6.71), (1.0, 6.69), (1.0, 6.69), (1.0, 6.7), (1.0, 6.71)]",0.01,0.03,6.69 - 6.71,0.96 - 1.04
CNTRL_001,DNMT3A_p.Q110R,9.68,14.83,15.82,"[(7.91, 8.01), (11.91, 8.8), (9.51, 8.31), (12.91, 8.99), (5.11, 7.56), (10.41, 8.5), (12.11, 8.83), (14.21, 9.28), (15.82, 9.65), (5.21, 7.56), (9.11, 8.27), (9.71, 8.36), (11.61, 8.73), (7.81, 8.03), (10.71, 8.53), (10.71, 8.57), (15.82, 9.68), (8.31, 8.09), (3.2, 7.28), (1.7, 7.05), (7.51, 7.95), (10.01, 8.4), (13.31, 9.11)]",0.69,3.67,7.18 - 9.66,2.53 - 15.82
CNTRL_002,TP53_p.P151S,27.88,47.02,47.95,"[(43.64364364364365, 23.274609835126686), (47.94794794794795, 27.87813405774212), (43.54354354354355, 23.31574981318416), (43.34334334334335, 23.22198291251156), (43.54354354354355, 23.238095869979684), (43.44344344344345, 23.223044755347185), (43.44344344344345, 23.22060520661821), (43.44344344344345, 23.265719028949135), (43.44344344344345, 23.24736101158388), (43.44344344344345, 23.266386637339046), (43.54354354354355, 23.263423786084807), (43.54354354354355, 23.290234818349358), (43.54354354354355, 23.27395307990235), (43.54354354354355, 23.326170583340367), (43.44344344344345, 23.180587194375686), (43.54354354354355, 23.288135583233448), (43.44344344344345, 23.19974713045199), (43.54354354354355, 23.19679712683541), (43.54354354354355, 23.324563538429857), (43.44344344344345, 23.2068785124985), (44.54454454454455, 24.267294059178834), (43.44344344344345, 23.211712192515503), (43.64364364364365, 23.32872436840069), (43.54354354354355, 23.29823891324973), (43.44344344344345, 23.22658056822215)]",0.94,0.91,23.19 - 25.71,43.4 - 45.91
CNTRL_004,DNMT3A_p.F731I,4.99,0.04,1.1,"[(1.1, 4.98), (1.0, 4.98), (1.0, 4.98), (1.0, 4.98), (1.1, 4.99), (1.1, 4.98), (1.0, 4.98), (0.9, 4.98), (1.1, 5.0), (1.0, 4.98), (1.1, 5.0), (1.1, 4.98), (1.1, 4.99), (1.1, 4.98), (1.0, 4.99), (1.0, 4.98), (1.1, 4.99), (1.0, 4.99), (1.0, 4.98), (1.0, 4.99), (1.0, 4.98), (1.1, 4.98), (1.0, 4.98)]",0.01,0.06,4.98 - 5.0,0.96 - 1.1
CNTRL_005,DNMT3A_p.L738Cfs*41,12.01,0.54,1.5,"[(4.3, 12.7), (3.7, 12.05), (3.0, 12.35), (1.9, 11.43), (1.6, 11.46), (1.5, 11.5), (1.1, 11.65), (1.5, 12.01), (2.4, 12.35), (4.2, 12.57), (3.6, 12.26), (5.21, 12.79), (2.4, 11.99), (1.2, 11.77), (2.5, 11.99)]",0.44,1.28,11.44 - 12.76,1.14 - 4.89
CNTRL_005,X,16.26,6.44,7.41,"[(8.51, 16.71), (17.72, 18.89), (8.11, 16.52), (21.72, 20.04), (20.52, 19.67), (18.02, 18.82), (12.41, 17.31), (7.41, 16.26), (5.71, 16.05), (10.01, 17.05), (12.31, 17.48), (10.71, 17.29), (11.91, 17.3), (11.31, 17.07), (12.91, 17.53)]",1.21,4.82,16.12 - 19.91,6.3 - 21.3
CNTRL_160,ASXL1_p.Q858X,8.48,-0.09,0.9,"[(1.0, 8.47), (1.0, 8.47), (1.0, 8.48), (1.0, 8.47), (1.1, 8.48), (1.1, 8.47), (1.0, 8.47), (1.1, 8.49), (1.0, 8.48), (1.0, 8.47), (1.0, 8.47), (1.0, 8.48), (0.9, 8.48), (1.0, 8.49), (1.0, 8.48), (0.9, 8.48), (1.0, 8.48), (1.1, 8.49), (1.0, 8.48)]",0.01,0.06,8.47 - 8.49,0.9 - 1.1
CNTRL_160,TET2_p.C1263F,31.45,43.96,44.94,"[(45.05, 31.45), (45.15, 31.67), (45.15, 31.7), (44.94, 31.23), (45.15, 31.64), (45.05, 31.53), (44.84, 31.19), (45.15, 31.66), (44.94, 31.34), (45.05, 31.2), (45.05, 31.48), (44.84, 31.08), (44.94, 31.45), (44.74, 30.9), (45.15, 31.68), (45.05, 31.51), (45.05, 31.54), (44.84, 31.1), (45.15, 31.76)]",0.25,0.13,30.98 - 31.73,44.78 - 45.15
CNTRL_162,CHEK2_p.K197I,16.15,1.07,2.0,"[(1.1011011011011012, 23.766346347217485), (4.2042042042042045, 25.448630208324474), (1.001001001001001, 32.047930031849816), (1.9019019019019021, 33.031714047755315), (1.8018018018018018, 23.42195009367852), (2.002002002002002, 16.15044401829955), (1.5015015015015016, 20.711109551696342), (1.001001001001001, 44.81231675000616), (4.104104104104104, 22.596543796261685), (1.001001001001001, 29.96369344041272), (1.5015015015015016, 19.210777432772883), (1.3013013013013013, 21.038890712286975), (1.8018018018018018, 28.26494837355204), (1.1011011011011012, 27.723045328397383), (0.9009009009009009, 19.89280579202378), (1.9019019019019021, 29.37353880296989), (1.001001001001001, 22.20165439554705), (5.505505505505506, 30.294455184992298), (1.001001001001001, 21.17986098571664), (2.702702702702703, 45.11657954207838), (5.305305305305305, 35.226431356220715), (1.1011011011011012, 25.034766248801212), (1.3013013013013013, 21.628616288463274), (3.1031031031031033, 26.366526251528715)]",7.35,1.39,17.91 - 44.94,0.96 - 5.39
CNTRL_162,X,36.0,24.11,25.03,"[(19.71971971971972, 42.42599629153996), (21.721721721721725, 45.088210638868844), (17.41741741741742, 51.42932435141996), (17.71771771771772, 52.29502957111459), (20.72072072072072, 42.64316425378441), (25.025025025025027, 35.99758078527301), (21.821821821821825, 40.12659362923973), (14.314314314314315, 64.11421076982874), (22.522522522522525, 41.9633198578557), (17.51751751751752, 48.61321161787869), (22.622622622622625, 38.56577233988631), (21.621621621621625, 40.408267912973294), (18.91891891891892, 47.36209483666761), (17.31731731731732, 45.60839974067678), (19.21921921921922, 36.760365567851096), (19.01901901901902, 48.850240123859045), (14.214214214214214, 35.82232960042497), (21.02102102102102, 49.72162496478626), (20.72072072072072, 39.86712718033034), (15.315315315315317, 64.23812095769648), (19.11911911911912, 54.29231527018691), (20.02002002002002, 44.54284483297028), (21.32132132132132, 40.838432018496604), (20.62062062062062, 45.81655763861268)]",7.65,2.67,35.92 - 64.17,14.27 - 23.64
CNTRL_163,PPM1D_p.R552X,7.3,0.07,1.1,"[(1.0, 7.28), (1.0, 7.31), (1.0, 7.3), (1.0, 7.3), (1.1, 7.31), (1.1, 7.29), (1.1, 7.3), (1.1, 7.3), (1.0, 7.31), (1.0, 7.3), (1.0, 7.31), (1.0, 7.29), (1.0, 7.3), (1.0, 7.3), (1.0, 7.3), (1.9, 7.43), (1.0, 7.31), (1.1, 7.31), (1.1, 7.31), (1.1, 7.35), (2.4, 7.52), (1.0, 7.29), (1.0, 7.31), (1.0, 7.29), (1.1, 7.29)]",0.05,0.32,7.29 - 7.47,1.0 - 2.1
CNTRL_163,TP53_p.C275Y,5.4,3.53,4.6,"[(16.82, 7.31), (12.01, 6.43), (9.61, 6.04), (7.71, 5.8), (10.61, 6.24), (10.01, 6.16), (4.6, 5.4), (14.81, 6.93), (12.61, 6.57), (10.81, 6.26), (12.01, 6.48), (10.11, 6.13), (13.91, 6.75), (6.41, 5.64), (13.91, 6.77), (8.31, 5.92), (11.41, 6.33), (14.81, 6.94), (9.71, 6.09), (11.51, 6.38), (10.11, 6.15), (10.21, 6.2), (7.91, 5.83), (7.11, 5.72), (10.21, 6.2)]",0.45,2.85,5.54 - 7.09,5.69 - 15.61
CNTRL_163,GNAS_p.R86S,45.09,55.67,56.66,"[(57.56, 50.53), (56.86, 46.65), (56.86, 46.47), (56.66, 45.71), (55.76, 41.28), (57.16, 48.39), (56.66, 45.09), (56.16, 42.89), (56.46, 44.05), (56.56, 45.35), (56.66, 45.76), (56.26, 43.52), (56.56, 45.19), (56.46, 44.37), (57.36, 49.24), (57.26, 48.52), (57.66, 50.9), (55.96, 42.4), (56.56, 45.54), (56.56, 45.31), (55.56, 40.41), (56.46, 44.2), (57.26, 48.51), (56.56, 45.31), (56.46, 44.65)]",2.64,0.52,40.93 - 50.68,55.68 - 57.6
CNTRL_164,TET2_p.P1194R,5.2,0.03,1.1,"[(1.1, 5.2), (1.0, 5.19), (0.9, 5.2), (1.1, 5.18), (1.1, 5.2), (1.0, 5.2), (1.1, 5.2), (1.1, 5.19), (1.1, 5.19), (1.1, 5.2), (1.0, 5.19), (1.1, 5.19), (1.2, 5.21), (1.0, 5.2), (1.0, 5.19), (1.0, 5.21), (1.0, 5.21), (1.0, 5.2), (1.1, 5.2), (1.1, 5.19), (1.0, 5.19), (1.0, 5.21), (1.1, 5.2), (1.0, 5.21), (1.1, 5.2)]",0.01,0.07,5.19 - 5.21,0.96 - 1.14
CNTRL_164,PPM1D_p.Q520X,5.38,4.09,5.11,"[(9.91, 5.94), (7.41, 5.64), (3.3, 5.18), (5.61, 5.44), (4.5, 5.31), (7.11, 5.61), (3.1, 5.15), (6.31, 5.51), (2.0, 5.06), (5.11, 5.38), (8.51, 5.77), (1.9, 5.04), (2.4, 5.09), (7.51, 5.66), (5.41, 5.4), (7.41, 5.64), (7.21, 5.61), (5.01, 5.37), (4.5, 5.31), (8.71, 5.8), (9.61, 5.9), (7.01, 5.58), (3.2, 5.17), (6.91, 5.57), (9.01, 5.84)]",0.27,2.4,5.05 - 5.92,1.96 - 9.73
CNTRL_166,EZH2_p.E740D,5.87,0.06,1.1,"[(1.2, 5.88), (1.1, 5.86), (1.1, 5.88), (1.1, 5.87), (1.0, 5.87), (1.1, 5.86), (1.0, 5.86), (1.1, 5.87), (1.1, 5.88), (1.2, 5.88), (1.0, 5.85), (1.1, 5.87), (1.0, 5.88), (1.1, 5.87), (1.1, 5.86), (1.2, 5.88), (1.2, 5.87), (1.2, 5.88), (1.0, 5.86), (1.0, 5.85), (1.1, 5.86), (1.1, 5.85), (1.1, 5.86), (1.1, 5.86)]",0.01,0.07,5.85 - 5.88,1.0 - 1.2
CNTRL_167,TET2_p.E1874X,13.62,2.2,3.2,"[(0.9, 12.93), (1.1, 12.84), (3.2, 13.62), (1.0, 13.75), (1.0, 13.01), (1.0, 12.62), (1.1, 11.91), (1.0, 12.57), (1.0, 12.95), (1.1, 12.23), (1.0, 12.8), (1.1, 12.43), (1.0, 13.55), (1.0, 12.73), (1.1, 12.72)]",0.5,0.56,12.02 - 13.7,0.94 - 2.47
CNTRL_167,X,27.95,16.03,17.02,"[(12.81, 24.98), (14.81, 25.99), (17.02, 27.95), (5.11, 22.15), (10.81, 23.83), (19.22, 28.69), (29.83, 38.02), (17.52, 27.42), (11.71, 24.22), (18.92, 27.56), (12.01, 24.28), (19.12, 28.35), (9.01, 23.76), (14.21, 25.4), (15.72, 26.51)]",3.71,5.71,22.71 - 34.75,6.48 - 26.12
CNTRL_167,CBL_p.F434S,23.56,24.65,25.63,"[(19.52, 19.07), (20.92, 19.81), (25.63, 23.56), (18.92, 19.93), (17.52, 18.03), (23.02, 20.79), (19.12, 17.31), (19.02, 18.23), (16.92, 17.58), (10.91, 14.05), (16.42, 17.19), (19.32, 18.17), (22.72, 22.24), (17.32, 17.56), (20.62, 19.4)]",2.28,3.4,15.15 - 23.1,12.84 - 24.72
CNTRL_168,DNMT3A_p.R556S,5.77,-0.03,1.0,"[(1.1, 5.77), (1.0, 5.78), (1.0, 5.78), (1.0, 5.77), (1.0, 5.78), (1.0, 5.78), (1.0, 5.79), (1.1, 5.77), (1.0, 5.78), (1.0, 5.79), (1.1, 5.77), (1.0, 5.77), (1.0, 5.77), (1.0, 5.79), (1.0, 5.79), (1.0, 5.79), (1.0, 5.78), (1.0, 5.78), (1.0, 5.78), (1.0, 5.78), (1.0, 5.77), (1.0, 5.79), (1.0, 5.8), (1.1, 5.77)]",0.01,0.04,5.77 - 5.79,1.0 - 1.1
CNTRL_169,DNMT3A_p.Q696P,3.69,-0.0,1.0,"[(1.0, 3.68), (1.1, 3.69), (1.0, 3.68), (1.0, 3.68), (1.1, 3.67), (1.0, 3.68), (1.0, 3.69), (1.1, 3.68), (1.0, 3.69), (1.1, 3.69), (1.0, 3.68), (1.1, 3.68), (1.0, 3.68), (1.1, 3.68), (1.0, 3.68), (1.0, 3.69), (1.1, 3.68), (1.1, 3.68), (1.1, 3.68), (1.1, 3.68), (1.1, 3.68)]",0.01,0.05,3.68 - 3.69,1.0 - 1.1
CNTRL_172,EZH2_p.Q415X,7.64,0.04,1.1,"[(1.0, 7.65), (1.1, 7.65), (1.1, 7.64), (1.1, 7.63), (1.0, 7.64), (0.9, 7.65), (1.0, 7.64), (2.9, 8.01), (1.1, 7.66), (1.1, 7.66), (1.0, 7.66), (1.1, 7.65), (1.0, 7.66), (1.0, 7.65), (1.0, 7.65), (1.1, 7.64), (1.1, 7.64), (1.0, 7.65), (1.0, 7.64), (1.1, 7.64), (0.9, 7.64), (1.0, 7.66), (1.0, 7.65)]",0.08,0.39,7.64 - 7.82,0.9 - 1.91
CNTRL_172,PPM1D_p.S453X,13.73,14.95,15.92,"[(15.22, 13.5), (15.42, 13.57), (15.02, 13.42), (16.42, 13.99), (14.81, 13.31), (15.62, 13.64), (16.02, 13.84), (16.92, 14.15), (16.12, 13.83), (15.82, 13.69), (15.52, 13.65), (15.62, 13.65), (15.02, 13.37), (16.22, 13.86), (15.62, 13.63), (15.92, 13.73), (14.81, 13.31), (16.42, 13.92), (16.72, 14.08), (15.92, 13.74), (15.42, 13.52), (15.22, 13.48), (15.42, 13.54)]",0.23,0.58,13.31 - 14.11,14.81 - 16.81
CNTRL_173,RAD21_p.K605Afs*4,11.23,-0.01,1.0,"[(1.0, 11.25), (1.0, 11.22), (6.11, 12.26), (2.8, 11.57), (1.9, 11.45), (2.8, 11.58), (2.6, 11.56), (3.3, 11.68), (1.0, 11.23), (1.8, 11.38), (1.0, 11.23), (2.9, 11.61), (1.5, 11.35), (1.0, 11.24), (4.0, 11.83), (1.0, 11.23), (3.7, 11.76), (2.2, 11.49), (1.0, 11.24), (1.6, 11.34), (1.0, 11.23), (3.6, 11.78)]",0.27,1.34,11.23 - 12.03,1.0 - 5.0
CNTRL_173,DNMT3A_p.K841E,6.4,1.44,2.5,"[(4.3, 6.61), (3.2, 6.45), (3.8, 6.53), (1.8, 6.31), (4.8, 6.71), (2.8, 6.42), (4.1, 6.62), (1.6, 6.28), (2.5, 6.4), (4.9, 6.66), (5.91, 6.83), (3.3, 6.51), (4.4, 6.58), (5.31, 6.75), (6.31, 6.92), (3.3, 6.48), (1.7, 6.26), (5.51, 6.77), (4.4, 6.61), (1.7, 6.26), (5.41, 6.74), (2.2, 6.29)]",0.2,1.47,6.26 - 6.87,1.65 - 6.1
CNTRL_173,"RAD21_p.K605Afs*4, DNMT3A_p.R771X",145.11,64.84,65.67,"[(65.67, 148.73), (65.97, 159.53), (64.76, 115.4), (64.06, 102.08), (63.76, 88.24), (63.66, 86.47), (64.76, 112.64), (64.66, 111.78), (65.67, 145.11), (65.17, 128.71), (65.47, 138.21), (64.36, 103.01), (63.96, 92.32), (65.27, 131.38), (64.76, 115.92), (62.86, 80.45), (64.66, 111.14), (64.86, 122.23), (65.57, 143.4), (64.66, 110.37), (65.87, 155.27), (62.26, 64.9)]",25.4,0.96,73.06 - 157.29,62.58 - 65.92
CNTRL_175,TET2_p.R1516X,5.31,0.02,1.0,"[(1.1, 5.32), (1.0, 5.32), (1.0, 5.32), (1.1, 5.3), (1.0, 5.31), (1.0, 5.31), (1.1, 5.31), (1.0, 5.31), (1.0, 5.33), (1.1, 5.31), (1.0, 5.31), (1.0, 5.31), (1.1, 5.31), (1.0, 5.32), (1.1, 5.3), (1.1, 5.32), (1.0, 5.31), (1.0, 5.3), (1.0, 5.3), (1.1, 5.31), (1.1, 5.3)]",0.01,0.05,5.3 - 5.32,1.0 - 1.1
CNTRL_179,GNB1_p.K57E,9.02,0.06,1.1,"[(1.0, 9.0), (9.61, 10.56), (8.61, 10.34), (13.91, 11.55), (8.11, 10.27), (10.51, 10.76), (12.51, 11.24), (7.21, 10.12), (8.21, 10.29), (14.11, 11.58), (9.41, 10.55), (5.11, 9.69), (7.71, 10.19), (16.82, 12.28), (5.11, 9.71), (1.1, 9.02), (1.0, 9.0), (16.22, 12.14), (7.81, 10.21), (11.61, 10.99), (10.81, 10.87), (3.9, 9.51), (7.41, 10.13), (4.6, 9.58), (5.31, 9.73)]",0.91,4.41,9.0 - 12.2,1.0 - 16.46
CNTRL_179,SRSF2_p.V87M,12.45,28.23,29.23,"[(34.33, 14.64), (36.74, 15.93), (40.84, 18.79), (42.64, 20.36), (36.64, 15.94), (37.64, 16.42), (38.14, 16.78), (40.44, 18.4), (39.64, 17.83), (34.63, 14.86), (39.54, 17.76), (32.53, 13.8), (36.64, 15.93), (41.14, 18.97), (39.44, 17.67), (29.23, 12.45), (37.24, 16.19), (38.14, 16.86), (39.04, 17.47), (43.74, 21.2), (39.94, 18.09), (30.43, 12.95), (34.53, 14.8), (37.14, 16.17), (36.84, 16.07)]",2.11,3.49,12.75 - 20.7,29.95 - 43.08
CNTRL_179,ZRSR2_p.R126X,228.82,68.05,68.67,"[(69.07, 252.24), (68.37, 192.6), (68.37, 198.43), (68.17, 170.17), (68.57, 205.31), (68.67, 223.06), (69.67, 323.59), (67.57, 155.89), (69.27, 272.91), (68.67, 216.67), (69.37, 292.8), (68.97, 248.19), (69.77, 329.96), (68.17, 183.04), (68.87, 235.52), (68.67, 228.82), (67.17, 144.47), (68.67, 224.06), (69.17, 269.89), (68.47, 206.55), (68.47, 199.7), (69.07, 260.29), (69.67, 324.72), (68.87, 235.41), (69.27, 280.68)]",50.9,0.62,151.32 - 326.82,67.41 - 69.71
CNTRL_180,CHEK2_p.R474C,6.49,-0.03,1.0,"[(1.0, 6.51), (1.0, 6.5), (1.1, 6.5), (1.0, 6.49), (1.0, 6.5), (1.1, 6.5), (1.0, 6.49), (1.1, 6.5), (1.0, 6.48), (1.1, 6.48), (1.0, 6.5), (1.1, 6.5), (1.0, 6.49), (1.0, 6.49), (1.0, 6.49), (1.0, 6.5), (1.0, 6.49), (1.1, 6.49), (1.1, 6.5), (1.1, 6.5), (1.1, 6.49)]",0.01,0.05,6.48 - 6.5,1.0 - 1.1
CNTRL_182,DNMT3A_p.F751I,6.89,5.6,6.61,"[(7.71, 7.04), (13.71, 8.08), (11.21, 7.63), (12.41, 7.84), (12.51, 7.85), (10.71, 7.54), (18.22, 9.09), (15.12, 8.36), (10.01, 7.41), (14.91, 8.32), (14.21, 8.17), (11.31, 7.63), (15.22, 8.4), (14.11, 8.15), (11.71, 7.69), (15.72, 8.52), (17.02, 8.79), (6.61, 6.89), (13.21, 7.99), (9.51, 7.33), (9.21, 7.29), (8.81, 7.21), (8.81, 7.19), (6.21, 6.8), (9.81, 7.36)]",0.6,3.21,6.85 - 8.91,6.45 - 17.5
CNTRL_182,DNMT3A_p.A571Sfs*3,13.96,12.09,13.11,"[(11.01, 13.33), (5.51, 11.97), (10.01, 13.07), (11.91, 13.58), (9.01, 12.83), (12.31, 13.76), (8.91, 12.8), (9.91, 13.08), (10.51, 13.22), (6.31, 12.13), (11.31, 13.44), (9.91, 13.05), (8.81, 12.75), (11.81, 13.57), (10.91, 13.33), (10.41, 13.17), (7.11, 12.34), (13.11, 13.96), (9.71, 13.01), (9.71, 13.02), (7.61, 12.48), (9.51, 12.97), (7.41, 12.4), (10.51, 13.2), (9.31, 12.91)]",0.49,1.86,12.07 - 13.84,5.99 - 12.63
CNTRL_184,DNMT3A_p.C583S,12.39,-0.08,0.9,"[(1.0, 12.4), (1.1, 12.42), (1.0, 12.41), (0.9, 12.39), (1.0, 12.39), (1.0, 12.41), (1.0, 12.41), (1.0, 12.43), (1.1, 12.41), (1.0, 12.42), (1.0, 12.39), (1.0, 12.41), (0.9, 12.43), (0.9, 12.42), (0.9, 12.38), (1.0, 12.43), (1.0, 12.41), (1.0, 12.4), (1.0, 12.41), (1.1, 12.41), (0.9, 12.39), (0.9, 12.42), (1.0, 12.4), (0.9, 12.4)]",0.01,0.06,12.39 - 12.43,0.9 - 1.1
CNTRL_184,DNMT3A_p.R882H,14.27,22.67,23.72,"[(22.82, 13.92), (17.92, 12.15), (11.21, 10.3), (23.72, 14.27), (16.72, 11.77), (12.71, 10.67), (22.02, 13.61), (14.21, 11.06), (10.71, 10.2), (15.52, 11.45), (9.51, 9.92), (14.01, 11.03), (10.21, 10.07), (27.43, 15.97), (4.5, 8.91), (24.72, 14.71), (13.71, 10.94), (5.51, 9.08), (18.62, 12.36), (9.31, 9.86), (5.11, 9.02), (16.42, 11.69), (21.82, 13.53), (12.31, 10.55)]",1.92,6.4,8.97 - 15.25,4.85 - 25.87
CNTRL_185,ASXL1_p.R417X,4.03,0.2,1.2,"[(1.1011011011011012, 2.6014425244240154), (8.108108108108109, 4.832900033376007), (1.001001001001001, 1.2252084282163485), (1.2012012012012012, 2.8185659374850536), (1.1011011011011012, 2.481957947980301), (5.205205205205205, 4.370881459311957), (1.1011011011011012, 1.18831380327385), (1.1011011011011012, 2.758018174577525), (1.1011011011011012, 3.273380027766102), (1.1011011011011012, 1.0668413931254834), (5.805805805805806, 4.522375062037708), (2.6026026026026026, 4.304924570775413), (2.002002002002002, 4.179689512035287), (1.2012012012012012, 4.027003263065597), (8.508508508508509, 4.815371378946476), (5.805805805805806, 4.410656556484047)]",1.32,2.71,1.11 - 4.83,1.04 - 8.36
CNTRL_185,JAK2_p.V617F,8.39,5.26,6.31,"[(11.011011011011012, 9.085611748789042), (17.71771771771772, 10.473378867468975), (12.812812812812814, 9.43191422203284), (10.21021021021021, 8.974914888706389), (23.723723723723726, 11.94359146783969), (19.71971971971972, 10.921092948440183), (9.40940940940941, 8.804398159665293), (15.015015015015017, 9.883731383588193), (19.91991991991992, 11.020059250552617), (8.80880880880881, 8.719057611726603), (12.312312312312313, 9.335263825107564), (16.816816816816818, 10.29959895328732), (15.415415415415417, 9.955072423715752), (6.306306306306307, 8.387079422737836), (24.324324324324326, 12.227181974245195), (17.91791791791792, 10.499434805400224)]",1.14,5.32,8.51 - 12.12,7.24 - 24.1
CNTRL_185,DNMT3A_p.R736C,8.24,7.42,8.41,"[(4.604604604604605, 3.537329639311926), (5.605605605605606, 7.738160101338918), (6.806806806806807, 7.900638890274392), (1.6016016016016017, 7.317195128849632), (2.6026026026026026, 7.280506572474375), (2.902902902902903, 4.153441262172159), (6.706706706706707, 7.814223248434093), (3.1031031031031033, 2.9389789267135664), (2.002002002002002, 7.134042903382194), (1.8018018018018018, 7.211318051557989), (3.5035035035035036, 7.527496781631323), (6.206206206206207, 7.920022349051036), (1.1011011011011012, 3.900305053649003), (8.408408408408409, 8.239490434203413), (1.001001001001001, 7.194409330293383), (1.8018018018018018, 7.280903436055859)]",1.79,2.34,3.16 - 8.12,1.04 - 7.81
CNTRL_185,"DNMT3A_p.R736C, chr15q_CNLOH",11.63,9.35,10.41,"[(9.00900900900901, 11.444654790706531), (9.90990990990991, 11.543756275838698), (11.711711711711713, 11.938764114444918), (2.3023023023023024, 10.108275964541653), (7.807807807807809, 11.116940106016534), (7.307307307307307, 11.14325451542088), (9.90990990990991, 11.567161930838203), (5.205205205205205, 10.704987258395256), (4.604604604604605, 10.51608257559084), (6.0060060060060065, 10.761495798837387), (5.305305305305305, 10.642434874860195), (8.608608608608609, 11.2853487099114), (7.207207207207207, 11.116458046484377), (10.41041041041041, 11.628602715339879), (2.2022022022022023, 10.106430389215047), (8.408408408408409, 11.242133981053529)]",0.54,2.79,10.11 - 11.82,2.24 - 11.22
CNTRL_185,DNMT3A_p.A662D,6.38,12.78,13.81,"[(1.1011011011011012, 4.805548765234442), (1.2012012012012012, 4.89479139392032), (6.706706706706707, 5.4273968800285095), (5.805805805805806, 5.338787903450407), (1.7017017017017018, 4.94686780856189), (2.002002002002002, 5.000708365784224), (5.205205205205205, 5.286577732105345), (1.1011011011011012, 4.319373328861535), (2.1021021021021022, 4.975981261495312), (3.3033033033033035, 5.08720603892917), (4.904904904904905, 5.308079667076076), (2.3023023023023024, 4.996225717391319), (1.1011011011011012, 4.861981125581152), (13.813813813813814, 6.37664187756926), (1.1011011011011012, 4.893038345990554), (1.6016016016016017, 4.96009485816382)]",0.43,3.34,4.5 - 6.02,1.1 - 11.15
CNTRL_185,"DNMT3A_p.R736C, chr15q_CNLOH, DNMT3A_p.F732I",22.73,44.29,45.35,"[(53.053053053053056, 32.55999619484016), (50.850850850850854, 29.070938275473125), (49.84984984984985, 27.684206974072467), (50.650650650650654, 28.75346755035542), (51.851851851851855, 30.63169590510451), (50.850850850850854, 28.93333213286781), (49.84984984984985, 27.67759884353055), (52.752752752752755, 31.931295727242937), (52.552552552552555, 31.840742257328998), (50.850850850850854, 29.059484721281752), (48.04804804804805, 25.53909545214316), (50.250250250250254, 28.236956092217202), (52.052052052052055, 30.84590189431579), (45.34534534534535, 22.732859033138713), (50.450450450450454, 28.431857375336122), (47.64764764764765, 25.00532828955229)]",2.65,2.03,23.59 - 32.32,46.21 - 52.94
CNTRL_186,TET2_p.T1884A,41.49,58.83,59.76,"[(59.86, 41.44), (59.86, 41.68), (59.76, 41.49), (59.86, 41.7), (59.76, 41.34), (59.76, 41.41), (59.76, 41.25), (59.76, 41.37), (59.76, 41.47), (59.76, 41.4), (59.66, 41.02), (59.76, 41.23), (59.76, 41.4), (59.86, 41.51), (59.76, 41.28), (59.86, 41.58), (59.86, 41.49), (59.66, 41.25), (59.76, 41.23), (59.86, 41.47), (59.86, 41.67), (59.76, 41.49), (59.56, 40.99), (59.66, 41.4), (59.66, 41.2)]",0.18,0.08,41.01 - 41.69,59.62 - 59.86
CNTRL_187,GNB1_p.K57E,32.7,40.03,40.94,"[(41.04, 32.83), (40.94, 32.49), (41.04, 32.79), (41.04, 32.69), (40.94, 32.66), (40.74, 32.24), (40.84, 32.59), (40.84, 32.49), (40.94, 32.81), (40.94, 32.72), (40.84, 32.5), (40.74, 32.34), (40.94, 32.5), (41.04, 32.87), (40.84, 32.38), (40.74, 32.34), (41.04, 32.81), (40.84, 32.45), (40.44, 32.01), (40.74, 32.44), (40.84, 32.57), (40.74, 32.33), (40.84, 32.62), (41.14, 32.96), (40.94, 32.7)]",0.22,0.15,32.15 - 32.91,40.62 - 41.08
CNTRL_190,TET2_p.N871Cfs*29,24.89,42.1,43.04,"[(43.04, 24.81), (43.04, 24.88), (43.14, 24.9), (43.14, 24.83), (43.14, 24.79), (43.14, 24.83), (43.04, 24.78), (43.14, 24.83), (43.04, 24.8), (43.14, 24.87), (43.04, 24.89), (43.14, 24.86), (43.14, 24.89), (43.04, 24.8), (43.14, 24.93), (43.14, 24.93), (43.04, 24.81), (43.04, 24.81), (43.14, 24.89), (43.14, 24.86), (43.14, 24.91), (43.04, 24.83), (43.14, 24.84), (43.04, 24.82), (43.04, 24.83)]",0.04,0.05,24.79 - 24.93,43.04 - 43.14
CNTRL_191,DNMT3A_p.D658Y,2.82,6.44,7.51,"[(6.606606606606607, 2.6958107860787033), (3.6036036036036037, 2.953352691344579), (6.906906906906907, 2.6833562248920395), (6.206206206206207, 3.1608539537892977), (11.811811811811813, 3.4100372160228756), (9.70970970970971, 3.7924313324526606), (10.01001001001001, 3.3015903482914446), (9.90990990990991, 3.2224975055773637), (9.20920920920921, 2.5423026675713154), (12.812812812812814, 3.6785689596900197), (8.508508508508509, 3.4063753444175044), (8.308308308308309, 3.4865701848328414), (6.506506506506507, 3.1726506233643446), (10.61061061061061, 3.5024982376647307), (10.61061061061061, 3.5408527940004944), (12.512512512512513, 3.902846232750891), (10.21021021021021, 3.3792862984869463), (8.108108108108109, 3.2783546744082246), (7.6076076076076085, 2.8600593149055076), (2.002002002002002, 2.9131386852579233), (7.507507507507508, 2.8212189687646214)]",0.38,2.71,2.61 - 3.85,2.8 - 12.66
CNTRL_191,"DNMT3A_p.D658Y, DNMT3A_p.V626G",7.87,6.64,7.71,"[(8.608608608608609, 8.002519998496812), (8.008008008008009, 7.928629486604363), (7.807807807807809, 7.893141287515683), (8.80880880880881, 8.02277496753584), (11.811811811811813, 8.532278467939609), (9.80980980980981, 8.17637418065896), (10.01001001001001, 8.215592538974885), (9.80980980980981, 8.205270839577626), (9.40940940940941, 8.152382638041635), (12.712712712712714, 8.675006203781205), (12.412412412412413, 8.633064146384015), (11.011011011011012, 8.37974951711803), (11.411411411411413, 8.45294872282901), (10.51051051051051, 8.310231923798154), (10.61061061061061, 8.31038970709881), (12.512512512512513, 8.63499572998116), (10.21021021021021, 8.266156976536166), (10.01001001001001, 8.222863013909523), (8.80880880880881, 8.049056717480035), (10.710710710710712, 8.339940809503759), (7.7077077077077085, 7.870046095216436)]",0.24,1.51,7.88 - 8.66,7.76 - 12.61
CNTRL_191,DNMT3A_p.R635W,20.62,45.11,46.15,"[(46.14614614614615, 20.76370417125156), (46.14614614614615, 20.755967813773232), (46.04604604604605, 20.641028438045257), (46.24624624624625, 20.82944036364186), (46.24624624624625, 20.830075283418445), (46.24624624624625, 20.908932192208454), (46.34634634634635, 20.89894741515683), (46.14614614614615, 20.67640202770039), (45.94594594594595, 20.51949230042378), (46.34634634634635, 20.85807434203111), (46.04604604604605, 20.65096186539673), (46.44644644644645, 20.938331722887305), (46.04604604604605, 20.586942664386633), (46.14614614614615, 20.6734608952712), (46.34634634634635, 20.880407902706942), (46.34634634634635, 20.93119625360037), (46.14614614614615, 20.744010956823523), (46.14614614614615, 20.82038350715722), (46.04604604604605, 20.623996938912814), (46.14614614614615, 20.816734938160156), (46.14614614614615, 20.617553938758736)]",0.12,0.13,20.55 - 20.93,46.0 - 46.4
CNTRL_192,X,26.19,5.61,6.61,"[(13.31, 27.11), (9.11, 20.8), (8.01, 25.37), (10.91, 30.51), (9.31, 33.87), (7.41, 27.63), (6.21, 22.61), (11.51, 20.87), (12.01, 30.33), (9.41, 23.75), (6.41, 24.12), (6.81, 27.27), (13.61, 27.32), (11.41, 26.61), (7.71, 28.47), (13.91, 24.4), (10.51, 23.22), (5.81, 27.03), (6.51, 23.65), (6.61, 26.19), (11.81, 32.63), (9.41, 24.43), (6.81, 18.03), (8.11, 24.32), (11.51, 26.05)]",3.64,2.54,19.69 - 33.13,6.05 - 13.73
CNTRL_192,DNMT3A_p.S714C,26.22,14.03,15.02,"[(8.11, 21.14), (13.01, 18.34), (11.01, 22.85), (9.11, 25.89), (12.21, 31.65), (8.61, 24.48), (10.41, 20.45), (8.71, 16.28), (7.91, 24.73), (13.31, 21.46), (9.61, 21.74), (8.71, 24.37), (9.31, 21.42), (14.61, 24.14), (13.01, 27.34), (9.01, 18.68), (11.81, 19.87), (9.31, 25.02), (6.41, 20.06), (15.02, 26.22), (12.71, 29.27), (11.81, 21.59), (13.21, 16.39), (14.21, 23.04), (14.71, 23.49)]",3.7,2.48,16.35 - 30.22,7.31 - 14.83
CNTRL_192,"X, DNMT3A_p.W440X",31.59,28.51,29.43,"[(33.03, 31.08), (36.64, 26.9), (41.74, 41.76), (33.83, 39.03), (28.63, 40.39), (37.44, 40.87), (32.63, 28.45), (39.64, 28.22), (30.63, 35.08), (37.74, 32.87), (32.53, 30.92), (32.73, 35.8), (33.03, 31.08), (37.24, 36.02), (29.43, 34.34), (35.84, 28.86), (34.03, 27.92), (27.83, 32.12), (30.53, 28.51), (29.43, 31.59), (32.73, 40.5), (26.43, 25.21), (26.03, 17.46), (31.53, 29.14), (33.73, 31.58)]",5.67,3.99,22.11 - 41.23,26.27 - 40.48
CNTRL_192,"X, TET2_p.Q744X",37.74,32.28,33.23,"[(34.33, 35.45), (30.93, 25.61), (28.73, 31.43), (26.33, 34.92), (27.03, 41.23), (29.03, 35.44), (35.64, 34.08), (31.13, 24.6), (30.13, 37.3), (29.13, 28.48), (35.34, 36.32), (30.13, 36.08), (32.83, 33.94), (31.53, 33.38), (33.23, 40.82), (33.13, 29.62), (36.24, 33.03), (29.73, 36.27), (28.83, 29.76), (33.23, 37.74), (29.43, 39.99), (32.13, 31.9), (32.73, 23.71), (30.83, 31.38), (32.83, 33.64)]",4.67,2.59,24.24 - 40.98,26.75 - 35.88
CNTRL_192,"X, DNMT3A_p.C562Y",35.6,32.37,33.33,"[(27.63, 27.73), (36.14, 27.1), (29.53, 29.94), (34.73, 40.71), (29.53, 41.68), (29.63, 33.81), (33.33, 29.5), (32.53, 23.23), (35.24, 40.2), (32.83, 29.11), (34.33, 33.17), (31.23, 35.12), (33.63, 32.34), (28.73, 28.92), (32.03, 37.41), (30.43, 25.45), (33.63, 28.22), (26.43, 31.63), (34.53, 32.29), (33.33, 35.6), (33.43, 41.99), (29.53, 27.61), (31.33, 20.65), (30.13, 28.78), (29.13, 28.42)]",5.65,2.56,22.2 - 41.8,27.15 - 35.6
CNTRL_193,DNMT3A_p.R882H,7.79,0.05,1.1,"[(1.3, 7.82), (2.0, 7.93), (1.1, 7.79), (3.1, 8.12), (1.0, 7.78), (1.4, 7.86), (1.9, 7.94), (1.7, 7.88), (1.0, 7.8), (1.2, 7.79), (1.3, 7.82), (1.1, 7.81), (1.4, 7.85), (1.1, 7.79), (1.1, 7.81), (1.5, 7.85), (1.3, 7.86), (1.3, 7.84), (1.0, 7.79), (1.1, 7.8), (1.2, 7.83), (1.1, 7.78), (1.0, 7.79), (1.1, 7.81)]",0.07,0.46,7.78 - 8.02,1.0 - 2.47
CNTRL_194,CHEK2_p.R521W,9.58,10.88,11.91,"[(3.0, 8.24), (11.91, 9.58), (6.41, 8.69), (5.71, 8.6), (7.41, 8.85), (9.11, 9.12), (7.21, 8.78), (8.01, 8.95), (7.21, 8.82), (7.91, 8.91), (8.41, 8.98), (3.6, 8.3), (8.11, 8.93), (10.91, 9.41), (5.41, 8.54), (9.61, 9.21), (6.11, 8.64), (8.61, 9.03), (6.21, 8.68), (4.2, 8.41), (7.71, 8.89), (5.61, 8.56), (7.71, 8.88), (11.71, 9.57)]",0.35,2.29,8.27 - 9.57,3.34 - 11.8
CNTRL_194,GNB1_p.R48M,203.23,76.32,76.98,"[(77.38, 236.83), (76.98, 203.23), (76.88, 197.1), (77.08, 205.11), (77.08, 207.26), (77.78, 275.4), (77.38, 229.36), (77.08, 211.3), (77.88, 289.05), (76.98, 206.31), (77.08, 207.82), (77.08, 213.59), (77.48, 256.79), (76.98, 197.43), (77.18, 219.84), (77.28, 227.77), (77.08, 210.77), (77.28, 233.27), (76.48, 163.29), (76.88, 200.21), (77.18, 221.98), (77.18, 220.49), (77.48, 242.28), (77.88, 299.71)]",31.01,0.33,182.73 - 293.58,76.71 - 77.88
CNTRL_195,DNMT3A_p.G699C,9.59,-0.0,1.0,"[(1.1, 9.61), (1.0, 9.59), (1.0, 9.61), (1.1, 9.57), (1.1, 9.59), (1.0, 9.61), (1.0, 9.6), (1.0, 9.61), (1.0, 9.6), (1.0, 9.6), (1.0, 9.6), (1.0, 9.62), (1.1, 9.59), (0.9, 9.6), (1.0, 9.61), (1.1, 9.6), (1.0, 9.59), (1.1, 9.6), (1.0, 9.61), (1.0, 9.6), (1.0, 9.6)]",0.01,0.05,9.58 - 9.61,0.95 - 1.1
CNTRL_195,DNMT3A_p.F755V,5.9,0.07,1.1,"[(8.11, 7.1), (1.1, 5.9), (4.5, 6.46), (6.11, 6.76), (4.5, 6.47), (13.21, 8.27), (2.3, 6.07), (3.3, 6.25), (6.61, 6.83), (4.5, 6.43), (7.21, 6.94), (8.51, 7.19), (1.2, 5.92), (3.0, 6.18), (1.0, 5.9), (6.81, 6.88), (2.1, 6.03), (1.0, 5.9), (1.0, 5.9), (1.0, 5.9), (1.0, 5.89)]",0.61,3.32,5.9 - 7.73,1.0 - 10.86
CNTRL_196,DNMT3A_p.L738P,55.74,57.23,58.16,"[(58.16, 55.81), (58.26, 55.95), (58.16, 55.95), (58.06, 55.49), (58.06, 55.78), (58.06, 55.69), (58.16, 55.78), (57.96, 55.75), (58.16, 55.84), (58.06, 55.84), (58.06, 55.64), (58.16, 55.64), (58.16, 55.82), (58.26, 56.08), (58.06, 55.7), (58.06, 55.71), (58.06, 55.75), (58.06, 55.69), (57.96, 55.58), (58.16, 55.95), (58.16, 55.86), (58.06, 55.53), (58.16, 55.74), (58.06, 55.75), (58.06, 55.7)]",0.14,0.08,55.51 - 56.0,57.96 - 58.26
CNTRL_197,TET2_p.C1271X,10.23,-0.02,1.0,"[(1.0, 10.26), (1.0, 10.23), (1.1, 10.24), (1.0, 10.21), (1.0, 10.23), (1.0, 10.23), (1.0, 10.24), (1.0, 10.23), (1.0, 10.22), (1.0, 10.23), (0.9, 10.23), (0.9, 10.22), (1.0, 10.23), (1.0, 10.24), (1.1, 10.22), (1.0, 10.22), (1.0, 10.23), (1.0, 10.24), (1.0, 10.21), (1.0, 10.24), (1.0, 10.23), (1.0, 10.22), (1.0, 10.23), (1.0, 10.24)]",0.01,0.04,10.21 - 10.25,0.9 - 1.1
CNTRL_197,DNMT3A_p.Y735C,8.81,18.39,19.42,"[(6.41, 6.74), (19.42, 8.81), (7.91, 6.92), (18.52, 8.66), (11.71, 7.47), (10.41, 7.26), (6.71, 6.76), (3.6, 6.39), (7.91, 6.93), (6.01, 6.67), (6.01, 6.68), (1.7, 6.14), (6.91, 6.8), (2.2, 6.21), (10.11, 7.22), (9.81, 7.19), (10.41, 7.27), (12.61, 7.62), (2.9, 6.3), (11.71, 7.46), (9.71, 7.18), (9.91, 7.16), (8.51, 7.01), (14.71, 7.94)]",0.67,4.52,6.18 - 8.72,1.99 - 18.9
CNTRL_197,TET2_p.I1873T,15.83,43.37,44.44,"[(57.06, 33.15), (44.44, 15.83), (54.35, 27.32), (52.45, 24.08), (53.95, 26.61), (57.46, 34.23), (52.15, 23.72), (54.05, 26.72), (52.15, 23.72), (54.35, 27.21), (52.75, 24.53), (53.85, 26.43), (57.26, 33.7), (55.76, 30.2), (54.35, 27.27), (55.56, 29.8), (54.55, 27.78), (57.56, 34.65), (53.65, 26.06), (56.16, 31.12), (56.06, 30.76), (52.85, 24.79), (52.35, 23.85), (53.85, 26.48)]",4.25,2.68,20.37 - 34.41,48.87 - 57.5
CNTRL_199,DNMT3A_p.Y683C,13.45,19.54,20.52,"[(21.721721721721725, 13.887950674430648), (20.72072072072072, 13.540649599930369), (21.521521521521525, 13.839965719042238), (21.32132132132132, 13.788361344091097), (24.024024024024026, 14.842883562599049), (20.72072072072072, 13.531186663983707), (20.52052052052052, 13.452834584201934), (24.724724724724727, 15.111785498460595), (22.022022022022025, 14.015518345185853), (22.122122122122125, 14.001954501189818), (22.922922922922925, 14.39496859602877), (23.023023023023026, 14.377876859320851), (24.524524524524526, 15.097443223473267), (21.921921921921925, 13.975760465853904), (21.821821821821825, 13.949454270917908), (22.122122122122125, 14.062524005229443), (21.921921921921925, 13.976701194601137), (22.322322322322325, 14.1366989523763), (21.621621621621625, 13.864403249699706), (23.223223223223226, 14.465615447956557), (23.823823823823826, 14.763531917175566), (21.821821821821825, 13.94537415699114), (19.81981981981982, 13.212122606844773), (21.521521521521525, 13.76615031907077), (20.62062062062062, 13.487870668266622)]",0.5,1.26,13.36 - 15.1,20.24 - 24.6
CNTRL_199,DNMT3A_p.E342X,19.37,29.16,30.13,"[(29.22922922922923, 18.844935978661013), (27.42742742742743, 17.78383531059716), (29.929929929929934, 19.25815043928617), (28.52852852852853, 18.370988471273357), (26.026026026026027, 17.066001733113925), (28.92892892892893, 18.667404165401955), (30.130130130130134, 19.367785415611028), (27.42742742742743, 17.75727317382089), (29.02902902902903, 18.704831961601457), (30.030030030030034, 19.379602999207794), (29.62962962962963, 19.06011671803744), (27.127127127127128, 17.584616151955952), (29.12912912912913, 18.793785474153978), (23.623623623623626, 15.907353508129821), (29.72972972972973, 19.1455928936287), (26.126126126126128, 17.107858704936536), (30.030030030030034, 19.383658928941422), (29.22922922922923, 18.749717205102083), (29.02902902902903, 18.655538964405892), (28.82882882882883, 18.60222842371149), (24.824824824824827, 16.47078892845318), (29.02902902902903, 18.681654039127356), (27.72772772772773, 17.989168488081905), (22.822822822822825, 15.547003429552742), (29.32932932932933, 18.900054111408707)]",1.08,2.02,15.76 - 19.38,23.3 - 30.07
CNTRL_202,TET2_p.T1884A,14.95,37.82,38.84,"[(38.84, 14.88), (38.84, 14.88), (38.94, 14.95), (38.94, 14.95), (38.94, 14.92), (38.74, 14.85), (38.94, 14.98), (38.64, 14.81), (38.74, 14.82), (38.84, 14.89), (38.84, 14.95), (38.94, 14.99), (39.04, 15.06), (38.84, 14.94), (38.84, 14.89), (38.64, 14.77), (38.64, 14.85), (38.84, 14.88), (38.74, 14.83), (38.74, 14.91), (38.84, 14.94), (38.74, 14.86), (38.84, 14.89), (38.74, 14.82), (39.04, 15.05)]",0.07,0.11,14.79 - 15.05,38.64 - 39.04
CNTRL_204,DNMT3A_p.R882C,10.5,-0.03,1.0,"[(1.0, 10.5), (1.0, 10.5), (1.0, 10.49), (1.0, 10.5), (0.9, 10.5), (1.0, 10.48), (1.0, 10.48), (1.0, 10.49), (1.0, 10.48), (1.1, 10.49), (1.0, 10.49), (1.0, 10.5), (1.0, 10.48), (1.0, 10.5), (1.0, 10.48), (1.0, 10.5), (0.9, 10.49), (1.0, 10.5), (1.0, 10.47), (0.9, 10.48), (1.0, 10.49), (1.0, 10.5), (0.9, 10.48), (1.0, 10.48)]",0.01,0.04,10.48 - 10.5,0.9 - 1.04
CNTRL_204,EZH2_p.R308Q,10.4,23.38,24.42,"[(11.71, 7.48), (24.42, 10.4), (13.21, 7.75), (18.62, 8.88), (7.31, 6.79), (20.12, 9.27), (14.81, 8.07), (14.21, 7.94), (14.61, 8.02), (13.21, 7.75), (12.61, 7.65), (17.12, 8.52), (20.52, 9.33), (15.92, 8.28), (22.22, 9.75), (12.41, 7.62), (9.61, 7.14), (18.02, 8.7), (16.32, 8.35), (18.12, 8.74), (17.32, 8.58), (19.52, 9.07), (13.31, 7.77), (13.41, 7.81)]",0.85,4.02,6.99 - 10.03,8.63 - 23.16
